Workbook

Sheet SAMPUL
B8: DINAS PENDIDIKAN PEMUDA DAN OLAHRAGA
B9: KOTA YOGYAKARTA
B12: ANGGARAN PENDAPATAN DAN BELANJA SEKOLAH
B13: SD NEGERI RANDUSARI
B15: TAHUN ANGGARAN 2026
B17: Pengguna Anggaran :
C19: a. Nama | F19: : JUMADI, S.Pd.SD
C21: b. NIP | F21: : 19710727 199103 1 003
C23: c. Jabatan | F23: : Kepala Sekolah
C26: KODE | F26: NAMA FORMULIR
C27: DPK-SP | F27: Ringkasan Anggaran Pendapatan dan Belanja Sekolah
C28: DPK-SP 1 | F28: Rincian Anggaran Pendapatan
C29: DPK-SP 5 | F29: Rekap Anggaran Belanja
C30: DPK-SP 5.1 | F30: Rincian Anggaran Belanja
C31: DPK-SP 5.1.1 | F31: Rincian Dokumen Pelaksanaan Kegiatan Belanja Program dan Per Kegiatan Satuan Pendidikan

Sheet lembar pengesahan
B8: LEMBAR PERSETUJUAN
B11: ANGGARAN PENDAPATAN DAN BELANJA SEKOLAH
B12: SD NEGERI RANDUSARI
B14: TAHUN ANGGARAN 2026
H16: Yogyakarta, 11 Februari 2026
C17: Ketua Komite | H17: Kepala Sekolah
C22: Jumianto | H22: Jumadi, S.Pd.SD
H23: NIP 19710727 199103 1 003
B26: Menyetujui
B27: Kepala Dinas Pendidikan Pemuda & Olahraga Kota Yogyakarta
B32: Budi Santosa Asrori, SE., M.Si
B33: NIP. 19700915 199403 1 009
C38: No | D38: Nama | G38: Jabatan | I38: Paraf
C39: 1 | D39: Sujimin, S.Pd, | G39: Pengawas
C40: 2 | G40: Verifikator
C41: 3 | D41: Dra Tyasning Handayani Shanti | G41: Sekretaris Dinas

Sheet DPA SP
K1: FORMULIR DPK-SP
B9: Urusan | G9: : Pendidikan
B11: Satuan Pendidikan | G11: : SD Negeri Randusari
B14: Ringkasan Anggaran Pendapatan dan Belanja Sekolah
B15: Tahun Anggaran 2026
B17: Kode | E17: Uraian | K17: Anggaran
B18: 1 | E18: 2 | K18: 3
B19: 1 | E19: PENDAPATAN | K19: =SUM(K20:K25) -> 944848847
B20: 1 | C20: 1 | E20: APBN | K20: ='DPA SP 1'!L23 -> 81000000
B21: 1 | C21: 2 | E21: APBD DIY | K21: ='DPA SP 1'!L26 -> 0
B22: 1 | C22: 3 | E22: APBD Kota Yogyakarta | K22: ='DPA SP 1'!L28 -> 863627117
B23: 1 | C23: 4 | E23: Pendapatan dari Masyarakat | K23: ='DPA SP 1'!L32 -> 0
B24: 1 | C24: 5 | E24: Lain-lain | K24: ='DPA SP 1'!L35 -> 0
B25: 1 | C25: 6 | E25: Sisa Lebih Perhitungan Anggaran Tahun Lalu | K25: ='DPA SP 1'!L38 -> 221730
B27: 5 | E27: BELANJA | K27: =K28+K31 -> #REF!
B28: 5 | C28: 1 | E28: Belanja Operasi | K28: =SUM(K29:K30) -> #REF!
B29: 5 | C29: 1 | D29: 01 | E29: Belanja Pegawai | K29: ='DPA SP 5 1'!N76 -> 4200000
B30: 5 | C30: 1 | D30: 02 | E30: Belanja Barang dan Jasa | K30: ='DPA SP 5 1'!N82+'DPA SP 5 1'!N77+'DPA SP 5 1'!N73+'DPA SP 5 1'!N70+'DPA SP 5 1'!N65+'DPA SP 5 1'!#REF!+'DPA SP 5 1'!N57+'DPA SP 5 1'!N54+'DPA SP 5 1'!N46+'DPA SP 5 1'!N41+'DPA SP 5 1'!N38+'DPA SP 5 1'!N35 -> #REF!
B31: 5 | C31: 2 | E31: Belanja Modal | K31: =SUM(K32:K33) -> #REF!
B32: 5 | C32: 2 | D32: 02 | E32: Belanja Modal Peralatan dan Mesin | K32: ='DPA SP 5 1'!#REF!+'DPA SP 5 1'!N60 -> #REF!
B33: 5 | C33: 2 | D33: 05 | E33: Belanja Modal Aset Tetap Lainnya | K33: ='DPA SP 5 1'!N51 -> 15750000
E36: SURPLUS/DEFISIT | K36: =K19-K27 -> #REF!
D39: Mengetahui
D40: Ketua Komite Sekolah | J40: Kepala Sekolah
D44: Jumianto | J44: Jumadi, S.Pd.SD
J45: NIP. 19710727 199103 1 003

Sheet DPA SP 1
L1: FORMULIR DPK-SP 1
B8: DINAS PENDIDIKAN PEMUDA DAN OLAHRAGA
B9: KOTA YOGYAKARTA
B10: TAHUN ANGGARAN 2024
B12: Urusan | H12: : Pendidikan
B14: Satuan Pendidikan | H14: : SD Negeri Randusari
B17: Rincian Anggaran Pendapatan
B18: Tahun Anggaran 2026
B20: Kode | F20: Uraian | H20: Rincian | I20: Volume | J20: Satuan | K20: Harga Satuan | L20: Anggaran
B21: 1 | F21: 2 | H21: 3 | I21: 4 | J21: 5 | K21: 6 | L21: 7
B22: 1 | F22: PENDAPATAN | L22: =+L23+L26+L28+L32+L35+L38 -> 944848847
B23: 1 | C23: 1 | F23: APBN | L23: =+L24 -> 81000000
B24: 1 | C24: 1 | D24: 1 | F24: BOSN 2026 | L24: 81000000
B26: 1 | C26: 2 | F26: APBD DIY | L26: 0
B28: 1 | C28: 3 | F28: APBD Kota Yogyakarta | L28: =SUM(L29:L30) -> 863627117
B29: 1 | C29: 3 | D29: 1 | F29: Gaji dan Tunjangan | L29: 721127117
B30: 1 | C30: 3 | D30: 2 | F30: BOSDA 2026 | L30: 142500000
B32: 1 | C32: 4 | F32: Pendapatan dari Masyarakat | L32: =+L33 -> 0
B33: 1 | C33: 4 | D33: 1 | F33: Sumbangan Sukarela
B35: 1 | C35: 5 | F35: Lain-lain | L35: =+L36 -> 0
B36: 1 | C36: 5 | D36: 1 | F36: Pendapatan Sewa
B38: 1 | C38: 6 | F38: Sisa lebih perhitungan anggaran tahun lalu | L38: =L40+L39 -> 221730
B39: 1 | C39: 6 | D39: 1 | F39: Silpa BOSN 2024 | L39: 79000
B40: 1 | C40: 6 | D40: 2 | F40: Silpa BOSN 2021 | L40: 142730
F42: Jumlah | L42: =+L22 -> 944848847
E44: Mengetahui
E45: Ketua Komite Sekolah | K45: Kepala Sekolah
E49: Jumianto | K49: Jumadi, S.Pd.SD
K50: NIP. 19710727 199103 1 003

Sheet DPA SP 5
L1: FORMULIR DPK-SP 5
B8: DINAS PENDIDIKAN PEMUDA DAN OLAHRAGA
B9: KOTA YOGYAKARTA
B10: TAHUN ANGGARAN 2026
B12: Urusan | H12: : Pendidikan
B14: Satuan Pendidikan | H14: : SD Negeri Randusari
B17: Rekap Anggaran Belanja
B18: Tahun Anggaran 2026
B20: Kode | F20: Uraian | L20: Anggaran
B21: 1 | F21: 2 | L21: 7
B22: 5 | F22: Belanja | L22: =L23+L26+L28+L33+L36+L42+L45+L50 -> 221637000
B23: 5 | C23: 1 | F23: Program Pengembangan Kompetensi Lulusan | L23: 0
F24: Honorarium Penyelenggara Ujian | L24: ='DPA SP 5 1'!N24 -> 8083000
B26: 5 | C26: 2 | F26: Program Pengembangan Standar Isi | L26: 0
B28: 5 | C28: 3 | F28: Program Pengembangan Standar Proses | L28: =SUM(L29:L31) -> 51855000
B29: 5 | C29: 3 | D29: 1 | F29: Kegiatan Pembiayaan Penerimaan Peserta Didik Baru | L29: ='DPA SP 5 1'!N33 -> 3755000
B30: 5 | C30: 3 | D30: 2 | F30: Kegiatan Pembiayaan Pengembangan Perpustakaan | L30: ='DPA SP 5 1'!N36 -> 1080000
B31: 5 | C31: 3 | D31: 3 | F31: Kegiatan Pembiayaan Kegiatan Pembelajaran dan Ekstrakurikuler | L31: ='DPA SP 5 1'!N39 -> 47020000
B33: 5 | C33: 4 | F33: Program Pengembangan Pendidik dan Tenaga Kependidikan | L33: =SUM(L34:L34) -> 10420000
B34: 5 | C34: 4 | D34: 2 | F34: Kegiatan Pembiayaan Pengembangan Profesi Guru dan Tenaga Kependidikan | L34: ='DPA SP 5 1'!N44 -> 10420000
B36: 5 | C36: 5 | F36: Program Pengembangan Sarana dan Prasarana Sekolah | L36: =SUM(L37:L40) -> 114047200
B37: 5 | C37: 5 | D37: 1 | F37: Kegiatan Pembiayaan Pengembangan Perpustakaan | L37: ='DPA SP 5 1'!N49 -> 15750000
B38: 5 | C38: 5 | D38: 3 | F38: Kegiatan Pembiayaan Administrasi Kegiatan Sekolah | L38: ='DPA SP 5 1'!N52 -> 1500000
B39: 5 | C39: 5 | D39: 5 | F39: Kegiatan Pembiayaan Pemeliharaan Sarana dan Prasarana | L39: ='DPA SP 5 1'!N55 -> 35261800
B40: 5 | C40: 5 | D40: 7 | F40: Kegiatan Penyediaan Alat Multimedia Pembelajaran | L40: ='DPA SP 5 1'!N58 -> 61535400
B42: 5 | C42: 6 | F42: Program Pengembangan Standar Pengelolaan | L42: =L43 -> 7002000
B43: 5 | C43: 6 | D43: 2 | F43: Kegiatan Pembiayaan Administrasi Kegiatan Sekolah | L43: ='DPA SP 5 1'!N63 -> 7002000
B45: 5 | C45: 7 | F45: Program Pengembangan Pembiayaan | L45: =SUM(L46:L48) -> 36312800
B46: 5 | C46: 7 | D46: 1 | F46: Kegiatan Pembiayaan Administrasi Kegiatan Sekolah | L46: ='DPA SP 5 1'!N68 -> 11490000
B47: 5 | C47: 7 | D47: 2 | F47: Kegiatan Pembiayaan Langganan Daya dan/atau Jasa | L47: ='DPA SP 5 1'!N71 -> 13722800
B48: 5 | C48: 7 | D48: 5 | F48: Kegiatan Pembiayaan untuk Pembayaran Honor | L48: ='DPA SP 5 1'!N74 -> 11100000
B50: 5 | C50: 8 | F50: Program Pengembangan dan Implementasi Sistem Penilaian | L50: =L51 -> 2000000
B51: 5 | C51: 8 | D51: 2 | F51: Kegiatan Pembiayaan Asesmen/Evaluasi Pembelajaran dan Ekstrakurikuler | L51: ='DPA SP 5 1'!N80 -> 2000000
F53: Jumlah | L53: =L24+L28+L33+L36+L42+L45+L50 -> 229720000
E55: Mengetahui
E56: Ketua Komite Sekolah | K56: Kepala Sekolah
E60: Jumianto | K60: Jumadi, S.Pd.SD
K61: NIP. 19710727 199103 1 003

Sheet DPA SP 5 1
N1: FORMULIR DPK-SP 5.1
B8: DINAS PENDIDIKAN PEMUDA DAN OLAHRAGA
B9: KOTA YOGYAKARTA
B10: TAHUN ANGGARAN 2026
B12: Urusan | J12: : Pendidikan
B14: Satuan Pendidikan | J14: : SD Negeri Randusari
B17: Rincian Anggaran Belanja
B18: Tahun Anggaran 2026
B20: Kode | H20: Uraian | N20: Anggaran
B21: 1 | H21: 2 | N21: 7
B22: 5 | H22: Belanja | N22: =N23+N32+N43+N48+N62+N67+N79+N28 -> 231000000
B23: 5 | C23: 1 | H23: Program Pengembangan Kompetensi Lulusan | N23: =N24 -> 8083000
H24: Honorarium Penyelenggara Ujian | N24: ='5.1.2'!W42 -> 8083000
B28: 5 | C28: 2 | H28: Program Pengembangan Standar Isi | N28: =N29+N30 -> 1280000
B29: 5 | C29: 2 | D29: 1 | H29: Belanja Operasi | N29: ='5.2.1'!W37 -> 480000
B30: 5 | C30: 2 | D30: 1 | H30: Belanja Barang dan Jasa | N30: ='5.2.1'!W45 -> 800000
B32: 5 | C32: 3 | H32: Program Pengembangan Standar Proses | N32: =N33+N36+N39 -> 51855000
B33: 5 | C33: 3 | D33: 1 | H33: Kegiatan Pembiayaan Penerimaan Peserta Didik Baru | N33: =+N34 -> 3755000
B34: 5 | C34: 3 | D34: 1 | E34: 5 | F34: 1 | H34: Belanja Operasi | N34: =+N35 -> 3755000
B35: 5 | C35: 3 | D35: 1 | E35: 5 | F35: 1 | G35: 02 | H35: Belanja Barang dan Jasa | N35: ='5.3.1'!W59 -> 3755000
B36: 5 | C36: 3 | D36: 2 | H36: Kegiatan Pembiayaan Pengembangan Perpustakaan | N36: =N37 -> 1080000
B37: 5 | C37: 3 | D37: 2 | E37: 5 | F37: 1 | H37: Belanja Operasi | N37: =N38 -> 1080000
B38: 5 | C38: 3 | D38: 2 | E38: 5 | F38: 1 | G38: 02 | H38: Belanja Barang dan Jasa | N38: ='5.3.2'!W39 -> 1080000
B39: 5 | C39: 3 | D39: 3 | H39: Kegiatan Pembiayaan Kegiatan Pembelajaran dan Ekstrakurikuler | N39: =N40 -> 47020000
B40: 5 | C40: 3 | D40: 3 | E40: 5 | F40: 1 | H40: Belanja Operasi | N40: =N41 -> 47020000
B41: 5 | C41: 3 | D41: 3 | E41: 5 | F41: 1 | G41: 02 | H41: Belanja Barang dan Jasa | N41: ='5.3.3'!W41 -> 47020000
B43: 5 | C43: 4 | H43: Program Pengembangan Pendidik dan Tenaga Kependidikan | N43: =N44 -> 10420000
B44: 5 | C44: 4 | D44: 2 | H44: Kegiatan Pembiayaan Pengembangan Profesi Guru dan Tenaga Kependidikan | N44: =+N45 -> 10420000
B45: 5 | C45: 4 | D45: 2 | E45: 5 | F45: 1 | H45: Belanja Operasi | N45: =+N46 -> 10420000
B46: 5 | C46: 4 | D46: 2 | E46: 5 | F46: 1 | G46: 02 | H46: Belanja Barang dan Jasa | N46: ='5.4.2'!W39 -> 10420000
B48: 5 | C48: 5 | H48: Program Pengembangan Sarana dan Prasarana Sekolah | N48: =N49+N52+N55+N58 -> 114047200
B49: 5 | C49: 5 | D49: 1 | H49: Kegiatan Pembiayaan Pengembangan Perpustakaan | N49: =N50 -> 15750000
B50: 5 | C50: 5 | D50: 1 | E50: 5 | F50: 2 | H50: Belanja Modal | N50: =+N51 -> 15750000
B51: 5 | C51: 5 | D51: 1 | E51: 5 | F51: 2 | G51: 05 | H51: Belanja Modal Aset Tetap Lainnya | N51: ='5.5.1'!W39 -> 15750000
B52: 5 | C52: 5 | D52: 3 | H52: Kegiatan Pembiayaan Administrasi Kegiatan Sekolah | N52: =N53 -> 1500000
B53: 5 | C53: 5 | D53: 3 | E53: 5 | F53: 1 | H53: Belanja Operasi | N53: =N54 -> 1500000
B54: 5 | C54: 5 | D54: 3 | E54: 5 | F54: 1 | G54: 02 | H54: Belanja Barang dan Jasa | N54: ='5.5.3'!W39 -> 1500000
B55: 5 | C55: 5 | D55: 5 | H55: Kegiatan Pembiayaan Pemeliharaan Sarana dan Prasarana | N55: =N56 -> 35261800
B56: 5 | C56: 5 | D56: 5 | E56: 5 | F56: 1 | H56: Belanja Operasi | N56: =N57 -> 35261800
B57: 5 | C57: 5 | D57: 5 | E57: 5 | F57: 1 | G57: 02 | H57: Belanja Barang dan Jasa | N57: ='5.5.5'!W41 -> 35261800
B58: 5 | C58: 5 | D58: 7 | H58: Kegiatan Penyediaan Alat Multimedia Pembelajaran | N58: =N59 -> 61535400
B59: 5 | C59: 5 | D59: 7 | E59: 5 | F59: 2 | H59: Belanja Modal | N59: =+N60 -> 61535400
B60: 5 | C60: 5 | D60: 7 | E60: 5 | F60: 2 | G60: 02 | H60: Belanja Modal Peralatan dan Mesin | N60: ='5.5.7'!W39 -> 61535400
B62: 5 | C62: 6 | H62: Program Pengembangan Standar Pengelolaan | N62: =N63 -> 7002000
B63: 5 | C63: 6 | D63: 2 | H63: Kegiatan Pembiayaan Administrasi Kegiatan Sekolah | N63: =N64 -> 7002000
B64: 5 | C64: 6 | D64: 2 | E64: 5 | F64: 1 | H64: Belanja Operasi | N64: =N65 -> 7002000
B65: 5 | C65: 6 | D65: 2 | E65: 5 | F65: 1 | G65: 02 | H65: Belanja Barang dan Jasa | N65: ='5.6.2'!W39 -> 7002000
B67: 5 | C67: 7 | H67: Program Pengembangan Pembiayaan | N67: =N68+N71+N74 -> 36312800
B68: 5 | C68: 7 | D68: 1 | H68: Kegiatan Pembiayaan Administrasi Kegiatan Sekolah | N68: =N69 -> 11490000
B69: 5 | C69: 7 | D69: 1 | E69: 5 | F69: 1 | H69: Belanja Operasi | N69: =N70 -> 11490000
B70: 5 | C70: 7 | D70: 1 | E70: 5 | F70: 1 | G70: 02 | H70: Belanja Barang dan Jasa | N70: ='5.7.1'!W39 -> 11490000
B71: 5 | C71: 7 | D71: 2 | H71: Kegiatan Pembiayaan Langganan Daya dan/atau Jasa | N71: =N72 -> 13722800
B72: 5 | C72: 7 | D72: 2 | E72: 5 | F72: 1 | H72: Belanja Operasi | N72: =N73 -> 13722800
B73: 5 | C73: 7 | D73: 2 | E73: 5 | F73: 1 | G73: 02 | H73: Belanja Barang dan Jasa | N73: ='5.7.2'!W39 -> 13722800
B74: 5 | C74: 7 | D74: 5 | H74: Kegiatan Pembiayaan untuk Pembayaran Honor | N74: =N75 -> 11100000
B75: 5 | C75: 7 | D75: 5 | E75: 5 | F75: 1 | H75: Belanja Operasi | N75: =SUM(N76:N77) -> 11100000
B76: 5 | C76: 7 | D76: 5 | E76: 5 | F76: 1 | G76: 01 | H76: Belanja Pegawai | N76: ='5.7.5'!W39 -> 4200000
B77: 5 | C77: 7 | D77: 5 | E77: 5 | F77: 1 | G77: 02 | H77: Belanja Barang dan Jasa | N77: ='5.7.5'!W48 -> 6900000
B79: 5 | C79: 8 | H79: Program Pengembangan dan Implementasi Sistem Penilaian | N79: =N80 -> 2000000
B80: 5 | C80: 8 | D80: 2 | H80: Kegiatan Pembiayaan Asesmen/Evaluasi Pembelajaran dan Ekstrakurikuler | N80: =N81 -> 2000000
B81: 5 | C81: 8 | D81: 2 | E81: 5 | F81: 1 | H81: Belanja Operasi | N81: =N82 -> 2000000
B82: 5 | C82: 8 | D82: 2 | E82: 5 | F82: 1 | G82: 02 | H82: Belanja Barang dan Jasa | N82: ='5.8'!W51 -> 2000000
H84: Jumlah | N84: =N23+N28+N32+N43+N48+N62+N67+N79 -> 231000000
E86: Mengetahui
E87: Ketua Komite Sekolah | L87: Kepala Sekolah
E91: Jumianto | L91: Jumadi, S.Pd.SD
L92: NIP. 19710727 199103 1 003

Sheet 5.1.2
V3: DPK-SP 5.1.1
W4: 1
A5: KOTA YOGYAKARTA
A6: TAHUN ANGGARAN 2026
A7: Satuan Pendidikan | J7: : | K7: SD Negeri Randusari
A8: Program | J8: : | K8: 5.8 Pengembangan dan Implementasi Sistem Penilaian
A9: Kegiatan | J9: : | K9: 5.8.2 Kegiatan Pembiayaan Asesmen/Evaluasi Pembelajaran dan Ekstrakurikuler
A10: Waktu Pelaksanaan | J10: : | K10: Januari s.d Desember
A11: Lokasi Kegiatan | J11: : | K11: SD Negeri Randusari
A12: Sumber Dana | J12: : | K12: BOSDA Rp8.050.000,00
A13: Indikator & Tolok Ukur Belanja
A14: Indikator | J14: Tolok Ukur Kinerja | V14: Target Kinerja
A15: Capaian Program | J15: :
A16: Masukan | J16: : | K16: Dana
J17: : | K17: SDM
J18: : | K18: Sarana Prasarana
J19: : | K19: Metode Kerja
A20: Keluaran | J20: : | K20: 1. Penyusunan Kisi-kisi Ujian Sekolah
K21: 2. Penyusunan Soal Ujian Sekolah
K22: 3. Pelaksanaan Penilaian Ujian Sekolah
K23: 4. Simulasi dan Pelaksanaan Ujian Nasional Berbasis Komputer (UNBK)
A24: Hasil | J24: :
A28: Kelompok Sasaran Kegiatan | J28: :
A29: Rincian Dokumen Pelaksanaan Kegiatan Belanja
A30: Menurut Program dan Per Kegiatan Satuan Pendidikan
A31: KODE REKENING | I31: U R A I A N | L31: RINCIAN PERHITUNGAN | W31: JUMLAH | X31: Ket | Y31: tata kala perencanaan anggaran bulanan | AK31: JUMLAH | AL31: tata kala pengeluaran anggaran bulanan | AX31: JUMLAH | AY31: SISA
L33: Rincian | T33: Volume | U33: Satuan | V33: Harga Satuan
W34: (Rp) | Y34: 1 | Z34: 2 | AA34: 3 | AB34: 4 | AC34: 5 | AD34: 6 | AE34: 7 | AF34: 8 | AG34: 9 | AH34: 10 | AI34: 11 | AJ34: 12 | AL34: 1 | AM34: 2 | AN34: 3 | AO34: 4 | AP34: 5 | AQ34: 6 | AR34: 7 | AS34: 8 | AT34: 9 | AU34: 10 | AV34: 11 | AW34: 12
A36: 1 | I36: 2 | L36: 3 | T36: 4 | U36: 5 | V36: 6 | W36: 7 = (4x6) | X36: 8
B37: 5 | J37: BELANJA | W37: =W38 -> 8083000
B38: 5 | C38: 1 | J38: BELANJA OPERASI | W38: =W39 -> 8083000
B39: 5 | C39: 1 | D39: 02 | J39: BELANJA BARANG DAN JASA | W39: =W40 -> 8083000
B40: 5 | C40: 1 | D40: 02 | E40: 02 | J40: Belanja Jasa | W40: =W41 -> 8083000
B41: 5 | C41: 1 | D41: 02 | E41: 02 | F41: 01 | J41: Belanja Jasa Kantor | W41: =W42 -> 8083000
B42: 5 | C42: 1 | D42: 02 | E42: 02 | F42: 01 | G42: 0009 | J42: Honorarium Penyelenggara Ujian | W42: =SUM(W43:W63) -> 8083000
J43: Instruktur Pendalaman Materi Kelas VI | L43: 2 | M43: org | N43: x | O43: 4 | P43: jpl | Q43: x | R43: 3 | S43: bln | T43: =L43*O43*R43 -> 24 | U43: ob | V43: 40000 | W43: =T43*V43 -> 960000 | X43: BOSDA | AK43: =SUM(Y43:AJ43) -> 0 | AX43: =SUM(AL43:AW43) -> 0 | AY43: =AK43-AX43 -> 0
J44: Tim ASPD
J45: Ketua | O45: 1 | P45: org | Q45: x | R45: 3 | S45: bln | T45: =O45*R45 -> 3 | U45: ob | V45: 75000 | W45: =T45*V45 -> 225000 | X45: BOSDA | AK45: =SUM(Y45:AJ45) -> 0 | AX45: =SUM(AL45:AW45) -> 0 | AY45: =AK45-AX45 -> 0
J46: Sekretaris | O46: 1 | P46: org | Q46: x | R46: 3 | S46: bln | T46: =O46*R46 -> 3 | U46: ob | V46: 65000 | W46: =T46*V46 -> 195000 | X46: BOSDA | AK46: =SUM(Y46:AJ46) -> 0 | AX46: =SUM(AL46:AW46) -> 0 | AY46: =AK46-AX46 -> 0
J47: Anggota | O47: 1 | P47: org | Q47: x | R47: 3 | S47: bln | T47: =O47*R47 -> 3 | U47: ob | V47: 60000 | W47: =T47*V47 -> 180000 | X47: BOSDA | AK47: =SUM(Y47:AJ47) -> 0 | AX47: =SUM(AL47:AW47) -> 0 | AY47: =AK47-AX47 -> 0
J48: Pengawas | O48: 2 | P48: org | Q48: x | R48: 3 | S48: hr | T48: =O48*R48 -> 6 | U48: oh | V48: 125000 | W48: =T48*V48 -> 750000 | X48: BOSDA | AK48: =SUM(Y48:AJ48) -> 0 | AX48: =SUM(AL48:AW48) -> 0 | AY48: =AK48-AX48 -> 0
J49: Tim ANBK
J50: Ketua | O50: 1 | P50: org | Q50: x | R50: 3 | S50: bln | T50: =O50*R50 -> 3 | U50: ob | V50: 75000 | W50: =T50*V50 -> 225000 | X50: BOSDA | AK50: =SUM(Y50:AJ50) -> 0 | AX50: =SUM(AL50:AW50) -> 0 | AY50: =AK50-AX50 -> 0
J51: Sekretaris | O51: 1 | P51: org | Q51: x | R51: 3 | S51: bln | T51: =O51*R51 -> 3 | U51: ob | V51: 65000 | W51: =T51*V51 -> 195000 | X51: BOSDA | AK51: =SUM(Y51:AJ51) -> 0 | AX51: =SUM(AL51:AW51) -> 0 | AY51: =AK51-AX51 -> 0
J52: Anggota | O52: 1 | P52: org | Q52: x | R52: 3 | S52: bln | T52: =O52*R52 -> 3 | U52: ob | V52: 60000 | W52: =T52*V52 -> 180000 | X52: BOSDA | AK52: =SUM(Y52:AJ52) -> 0 | AX52: =SUM(AL52:AW52) -> 0 | AY52: =AK52-AX52 -> 0
J53: Pengawas | O53: 2 | P53: org | Q53: x | R53: 3 | S53: hr | T53: =O53*R53 -> 6 | U53: oh | V53: 125000 | W53: =T53*V53 -> 750000 | X53: BOSDA | AK53: =SUM(Y53:AJ53) -> 0 | AX53: =SUM(AL53:AW53) -> 0 | AY53: =AK53-AX53 -> 0
J54: Tim USEK
J55: Pembuat Kisi-kisi Soal per Mapel | O55: 1 | P55: org | Q55: x | R55: 17 | S55: naskah | T55: =O55*R55 -> 17 | U55: naskah | V55: 25000 | W55: =T55*V55 -> 425000 | X55: BOSDA | AK55: =SUM(Y55:AJ55) -> 0 | AX55: =SUM(AL55:AW55) -> 0 | AY55: =AK55-AX55 -> 0
J56: Pembuat Soal Ujian per Mapel | O56: 1 | P56: org | Q56: x | R56: 17 | S56: naskah | T56: =O56*R56 -> 17 | U56: naskah | V56: 30000 | W56: =T56*V56 -> 510000 | X56: BOSDA | AK56: =SUM(Y56:AJ56) -> 0 | AX56: =SUM(AL56:AW56) -> 0 | AY56: =AK56-AX56 -> 0
J57: Pengawas Ruang | O57: 2 | P57: org | Q57: x | R57: 5 | S57: hari | T57: =O57*R57 -> 10 | U57: oh | V57: 50000 | W57: =T57*V57 -> 500000 | X57: BOSDA | AK57: =SUM(Y57:AJ57) -> 0 | AX57: =SUM(AL57:AW57) -> 0 | AY57: =AK57-AX57 -> 0
J58: Penguji Ujian Praktek per Mapel | O58: 23 | P58: siswa | Q58: x | R58: 14 | S58: naskah | T58: =O58*R58 -> 322 | U58: siswa/naskah | V58: 4000 | W58: =T58*V58 -> 1288000 | X58: BOSDA | AK58: =SUM(Y58:AJ58) -> 0 | AX58: =SUM(AL58:AW58) -> 0 | AY58: =AK58-AX58 -> 0
J59: Korektor Ujian Sekolah per Mapel | O59: 23 | P59: siswa | Q59: x | R59: 20 | S59: naskah | T59: =O59*R59 -> 460 | U59: siswa/naskah | V59: 1000 | W59: =T59*V59 -> 460000 | X59: BOSDA | AK59: =SUM(Y59:AJ59) -> 0 | AX59: =SUM(AL59:AW59) -> 0 | AY59: =AK59-AX59 -> 0
J60: Pengolah Nilai | O60: 23 | P60: siswa | Q60: x | R60: 10 | S60: naskah | T60: =O60*R60 -> 230 | U60: siswa/naskah | V60: 2000 | W60: =T60*V60 -> 460000 | X60: BOSDA | AK60: =SUM(Y60:AJ60) -> 0
J61: Panitia Ujian | O61: 1 | P61: org | T61: 3 | V61: 60000 | W61: =T61*V61 -> 180000 | X61: BOSDA
J62: Penanggung jawab | O62: 2 | P62: org | T62: 3 | V62: 75000 | W62: =T62*V62*O62 -> 450000 | X62: BOSDA
J63: Pengamanan Ujian | O63: 1 | P63: org | T63: 3 | V63: 50000 | W63: =T63*V63 -> 150000 | X63: BOSDA
A64: JUMLAH | W64: =W37 -> 8083000 | AK64: =SUM(AK36:AK63) -> 0 | AX64: =SUM(AX36:AX63) -> 0 | AY64: =SUM(AY36:AY63) -> 0
A65: Rencana Penarikan Dana per Tahap
A66: Tahap 1 | D66: Rp | V66: Yogyakarta, 24 November 2025 | AA66: `
A67: Tahap 2 | D67: Rp | V67: Kepala Sekolah
A68: Tahap 3 | D68: Rp
A70: Jumlah | D70: Rp
V71: Jumadi, S.Pd.SD
V72: NIP. 19710727 199103 1 003
Y80: =W43+W45+W46+W47+W48+W50+W51+W52+W53+W55+W56+W57+W58+W59+W60+W61+W63+W62 -> 8083000
Y81: ='5.2.1'!W55 -> 1280000
Y82: ='5.3.1'!W43+'5.3.1'!W44+'5.3.1'!W45+'5.3.1'!W46+'5.3.1'!W54+'5.3.1'!W55+'5.3.1'!W56 -> 3755000
Y83: ='5.3.2'!W46 -> 1080000
Y84: ='5.3.3'!W69 -> 47020000
Y85: ='5.4.2'!W59 -> 10420000
Y86: ='5.5.1'!W44 -> 7500000
Y87: ='5.5.3'!W46 -> 1500000
Y88: ='5.5.5'!W112+'5.5.5'!W113+'5.5.5'!W119+'5.5.5'!W121+'5.5.5'!W122+'5.5.5'!W125+'5.5.5'!W129 -> 7894600
Y89: ='5.5.7'!W50+'5.5.7'!W56+'5.5.7'!W57+'5.5.7'!W58+'5.5.7'!W62+'5.5.7'!W63+'5.5.7'!W64+'5.5.7'!W65+'5.5.7'!W71 -> 28535400
Y90: ='5.6.2'!W43+'5.6.2'!W46+'5.6.2'!W47+'5.6.2'!W48 -> 7002000
Y91: ='5.7.1'!W43+'5.7.1'!W44+'5.7.1'!W46 -> 11490000
Y92: ='5.7.2'!W49+'5.7.2'!W50 -> 1340000
Y93: ='5.7.5'!W43+'5.7.5'!W46+'5.7.5'!W52+'5.7.5'!W53 -> 11100000
Y94: ='5.8'!W45+'5.8'!W46+'5.8'!W48+'5.8'!W49 -> 2000000
Y95: =SUM(Y80:Y94) -> 150000000

Sheet 5.2.1
V3: DPK-SP 5.1.1
W4: 1
A5: KOTA YOGYAKARTA
A6: TAHUN ANGGARAN 2026
A7: Satuan Pendidikan | J7: : | K7: SD Negeri Randusari
A8: Program | J8: : | K8: 5.2 Penyusunan Dokumen Kurikulum
A9: Kegiatan | J9: : | K9: 5.2 Cetak Dokumen
A10: Waktu Pelaksanaan | J10: : | K10: Januari s.d Desember
A11: Lokasi Kegiatan | J11: : | K11: SD Negeri Randusari
A12: Sumber Dana | J12: : | K12: BOSDA Rp 480.000
A13: Indikator & Tolok Ukur Belanja
A14: Indikator | J14: Tolok Ukur Kinerja | V14: Target Kinerja
A15: Capaian Program | J15: :
A16: Masukan | J16: : | K16: Dana
J17: : | K17: SDM
J18: : | K18: Sarana Prasarana
J19: : | K19: Metode Kerja
A20: Keluaran | J20: : | K20: 1. Penyusunan Kurikulum
K21: 2. Penyusunan Perangkat Ajar
A24: Hasil | J24: :
A28: Kelompok Sasaran Kegiatan | J28: :
A29: Rincian Dokumen Pelaksanaan Kegiatan Belanja
A30: Menurut Program dan Per Kegiatan Satuan Pendidikan
A31: KODE REKENING | I31: U R A I A N | L31: RINCIAN PERHITUNGAN | W31: JUMLAH | X31: Ket | Y31: tata kala perencanaan anggaran bulanan | AK31: JUMLAH | AL31: tata kala pengeluaran anggaran bulanan | AX31: JUMLAH | AY31: SISA
L33: Rincian | T33: Volume | U33: Satuan | V33: Harga Satuan
W34: (Rp) | Y34: 1 | Z34: 2 | AA34: 3 | AB34: 4 | AC34: 5 | AD34: 6 | AE34: 7 | AF34: 8 | AG34: 9 | AH34: 10 | AI34: 11 | AJ34: 12 | AL34: 1 | AM34: 2 | AN34: 3 | AO34: 4 | AP34: 5 | AQ34: 6 | AR34: 7 | AS34: 8 | AT34: 9 | AU34: 10 | AV34: 11 | AW34: 12
A36: 1 | I36: 2 | L36: 3 | T36: 4 | U36: 5 | V36: 6 | W36: 7 = (4x6) | X36: 8
B37: 5 | J37: BELANJA | W37: =W38 -> 480000
B38: 5 | C38: 2 | J38: BELANJA OPERASI | W38: =W39 -> 480000
B39: 5 | C39: 2 | D39: 01 | J39: BELANJA BARANG DAN JASA | W39: =W40 -> 480000
B40: 5 | C40: 1 | D40: 02 | E40: 02 | W40: =W41 -> 480000
W41: =W42 -> 480000
J42: Belanja Cetak kurikulum | U42: 1600 | V42: 300 | W42: =U42*V42 -> 480000 | X42: BOSDA
AK43: =SUM(Y43:AJ43) -> 0 | AX43: =SUM(AL43:AW43) -> 0 | AY43: =AK43-AX43 -> 0
B45: 5 | C45: 2 | D45: 01 | E45: 01 | J45: Belanja Jasa | W45: =W46 -> 800000 | AK45: =SUM(Y45:AJ45) -> 0 | AX45: =SUM(AL45:AW45) -> 0 | AY45: =AK45-AX45 -> 0
B46: 5 | C46: 2 | D46: 01 | E46: 01 | F46: 01 | J46: Belanja Jasa Kantor | W46: =W47 -> 800000 | AK46: =SUM(Y46:AJ46) -> 0 | AX46: =SUM(AL46:AW46) -> 0 | AY46: =AK46-AX46 -> 0
B47: 5 | C47: 2 | D47: 01 | E47: 01 | F47: 01 | G47: 00 | J47: Honorarium Tim Pelaksana Kegiatan dan Sekretariat Tim Pelaksana Kegiatan | W47: =SUM(W49:W51) -> 800000 | AK47: =SUM(Y47:AJ47) -> 0 | AX47: =SUM(AL47:AW47) -> 0 | AY47: =AK47-AX47 -> 0
J48: Tim Pengembang Kurikulum | AK48: =SUM(Y48:AJ48) -> 0 | AX48: =SUM(AL48:AW48) -> 0 | AY48: =AK48-AX48 -> 0
J49: Ketua | O49: 1 | P49: org | Q49: x | R49: 2 | S49: bln | T49: =R49*O49 -> 2 | U49: ob | V49: 175000 | W49: =V49*T49 -> 350000 | X49: BOSDA
J50: Sekretaris | O50: 1 | P50: org | Q50: x | R50: 2 | S50: bln | T50: =R50*O50 -> 2 | U50: ob | V50: 125000 | W50: =V50*T50 -> 250000 | X50: BOSDA | AK50: =SUM(Y50:AJ50) -> 0 | AX50: =SUM(AL50:AW50) -> 0 | AY50: =AK50-AX50 -> 0
J51: Anggota | O51: 1 | P51: org | Q51: x | R51: 2 | S51: bln | T51: =R51*O51 -> 2 | U51: ob | V51: 100000 | W51: =V51*T51 -> 200000 | X51: BOSDA | AK51: =SUM(Y51:AJ51) -> 0 | AX51: =SUM(AL51:AW51) -> 0 | AY51: =AK51-AX51 -> 0
AK52: =SUM(Y52:AJ52) -> 0 | AX52: =SUM(AL52:AW52) -> 0 | AY52: =AK52-AX52 -> 0
AK53: =SUM(Y53:AJ53) -> 0
A55: JUMLAH | W55: =W37+W45 -> 1280000 | AK55: =SUM(AK36:AK54) -> 0 | AX55: =SUM(AX36:AX54) -> 0 | AY55: =SUM(AY36:AY54) -> 0
A56: Rencana Penarikan Dana per Tahap
A57: Tahap 1 | D57: Rp | V57: Yogyakarta, 24 November 2025 | AA57: `
A58: Tahap 2 | D58: Rp | V58: Kepala Sekolah
A59: Tahap 3 | D59: Rp
A61: Jumlah | D61: Rp
V62: Jumadi, S.Pd.SD
V63: NIP. 19710727 199103 1 003

Sheet 5.3.1
V3: DPK-SP 5.1.1
W4: 1
A5: KOTA YOGYAKARTA
A6: TAHUN ANGGARAN 2026
A7: Satuan Pendidikan | J7: : | K7: SD Negeri Randusari
A8: Program | J8: : | K8: 5.3 Pengembangan Standar Proses
A9: Kegiatan | J9: : | K9: 5.3.1 Pembiayaan Penerimaan Peserta Didik Baru
A10: Waktu Pelaksanaan | J10: : | K10: April, Juni
A11: Lokasi Kegiatan | J11: : | K11: SD Negeri Randusari
A12: Sumber Dana | J12: : | K12: BOSDA Rp3.075.000,00
A13: Indikator & Tolok Ukur Belanja
A14: Indikator | J14: Tolok Ukur Kinerja | V14: Target Kinerja
A15: Capaian Program | J15: :
A16: Masukan | J16: : | K16: Dana
J17: : | K17: SDM
J18: : | K18: Sarana Prasarana
J19: : | K19: Metode Kerja
A20: Keluaran | J20: : | K20: 1. Pelaksanaan Pendaftaran Peserta Didik Baru (PPDB)
A24: Hasil | J24: :
A28: Kelompok Sasaran Kegiatan | J28: :
A29: Rincian Dokumen Pelaksanaan Kegiatan Belanja
A30: Menurut Program dan Per Kegiatan Satuan Pendidikan
A31: KODE REKENING | I31: U R A I A N | L31: RINCIAN PERHITUNGAN | W31: JUMLAH | X31: Ket | Y31: tata kala perencanaan anggaran bulanan | AK31: JUMLAH | AL31: tata kala pengeluaran anggaran bulanan | AX31: JUMLAH | AY31: SISA
L33: Rincian | T33: Volume | U33: Satuan | V33: Harga Satuan
W34: (Rp) | Y34: 1 | Z34: 2 | AA34: 3 | AB34: 4 | AC34: 5 | AD34: 6 | AE34: 7 | AF34: 8 | AG34: 9 | AH34: 10 | AI34: 11 | AJ34: 12 | AL34: 1 | AM34: 2 | AN34: 3 | AO34: 4 | AP34: 5 | AQ34: 6 | AR34: 7 | AS34: 8 | AT34: 9 | AU34: 10 | AV34: 11 | AW34: 12
A36: 1 | I36: 2 | L36: 3 | T36: 4 | U36: 5 | V36: 6 | W36: 7 = (4x6) | X36: 8
B37: 5 | J37: BELANJA | W37: =W38 -> 3755000
B38: 5 | C38: 1 | J38: BELANJA OPERASI | W38: =W39 -> 3755000
B39: 5 | C39: 1 | D39: 02 | J39: BELANJA BARANG DAN JASA | W39: =W40+W50 -> 3755000
B40: 5 | C40: 1 | D40: 02 | E40: 01 | J40: Belanja Barang | W40: =W41 -> 2955000
B41: 5 | C41: 1 | D41: 02 | E41: 01 | F41: 01 | J41: Belanja Barang Pakai Habis | W41: =W42 -> 2955000
B42: 5 | C42: 1 | D42: 02 | E42: 01 | F42: 01 | G42: 0026 | J42: Belanja Alat/Bahan untuk Kegiatan Kantor- Bahan Cetak | W42: =SUM(W43:W46) -> 2955000
J43: Cetak Brosur | R43: 50 | S43: lbr | T43: =R43 -> 50 | U43: lbr | V43: 2500 | W43: =V43*T43 -> 125000 | X43: BOSDA | AB43: =W43 -> 125000 | AK43: =SUM(Y43:AJ43) -> 125000 | AX43: =SUM(AL43:AW43) -> 0 | AY43: =AK43-AX43 -> 125000
J44: Cetak Banner | R44: 4 | S44: buah | T44: =R44 -> 4 | U44: buah | V44: 150000 | W44: =V44*T44 -> 600000 | X44: BOSDA | AB44: =W44 -> 600000 | AK44: =SUM(Y44:AJ44) -> 600000 | AX44: =SUM(AL44:AW44) -> 0 | AY44: =AK44-AX44 -> 600000
J45: Cetak Sertifikat | R45: 50 | S45: lbr | T45: 50 | U45: lbr | V45: 17600 | W45: =V45*T45 -> 880000 | X45: BOSDA | AA45: =W45 -> 880000 | AK45: =SUM(Y45:AJ45) -> 880000
J46: Cetak piala | R46: 3 | S46: set | T46: 3 | U46: set | V46: 450000 | W46: =V46*T46 -> 1350000 | X46: BOSDA
B50: 5 | C50: 1 | D50: 02 | E50: 02 | J50: Belanja Jasa | W50: =W51 -> 800000
B51: 5 | C51: 1 | D51: 02 | E51: 02 | F51: 01 | J51: Belanja Jasa Kantor | W51: =W52 -> 800000
B52: 5 | C52: 1 | D52: 02 | E52: 02 | F52: 01 | G52: 0004 | J52: Honorarium Tim Pelaksana Kegiatan dan Sekretariat Tim Pelaksana Kegiatan | W52: =SUM(W54:W56) -> 800000
J53: Tim PPDB
J54: Ketua | O54: 1 | P54: org | Q54: x | R54: 2 | S54: bln | T54: =R54*O54 -> 2 | U54: ob | V54: 175000 | W54: =V54*T54 -> 350000 | X54: BOSDA | AD54: =W54 -> 350000 | AK54: =SUM(Y54:AJ54) -> 350000 | AX54: =SUM(AL54:AW54) -> 0 | AY54: =AK54-AX54 -> 350000
J55: Sekretaris | O55: 1 | P55: org | Q55: x | R55: 2 | S55: bln | T55: =R55*O55 -> 2 | U55: ob | V55: 125000 | W55: =V55*T55 -> 250000 | X55: BOSDA | AD55: =W55 -> 250000 | AK55: =SUM(Y55:AJ55) -> 250000 | AX55: =SUM(AL55:AW55) -> 0 | AY55: =AK55-AX55 -> 250000
J56: Anggota | O56: 1 | P56: org | Q56: x | R56: 2 | S56: bln | T56: =R56*O56 -> 2 | U56: ob | V56: 100000 | W56: =V56*T56 -> 200000 | X56: BOSDA | AD56: =W56 -> 200000 | AK56: =SUM(Y56:AJ56) -> 200000 | AX56: =SUM(AL56:AW56) -> 0 | AY56: =AK56-AX56 -> 200000
A59: JUMLAH | W59: =W37 -> 3755000 | AK59: =SUM(AK36:AK58) -> 2405000 | AX59: =SUM(AX36:AX58) -> 0 | AY59: =SUM(AY36:AY58) -> 1525000
A60: Rencana Penarikan Dana per Tahap
A61: Tahap 1 | D61: Rp | V61: Yogyakarta, 24 November 2026 | AA61: `
A62: Tahap 2 | D62: Rp | V62: Kepala Sekolah
A63: Tahap 3 | D63: Rp
A65: Jumlah | D65: Rp
V66: Jumadi, S.Pd.SD
V67: NIP. 19710727 199103 1 003

Sheet 5.3.2
V3: DPK-SP 5.1.1
W4: 1
A5: KOTA YOGYAKARTA
A6: TAHUN ANGGARAN 2026
A7: Satuan Pendidikan | J7: : | K7: SD Negeri Randusari
A8: Program | J8: : | K8: 5.3 Pengembangan Standar Proses
A9: Kegiatan | J9: : | K9: 5.3.2 Pembiayaan Pengembangan Perpustakaan
A10: Waktu Pelaksanaan | J10: : | K10: Januari s.d Desember
A11: Lokasi Kegiatan | J11: : | K11: SD Negeri Randusari
A12: Sumber Dana | J12: : | K12: BOSDA Rp1.080.000,00
A13: Indikator & Tolok Ukur Belanja
A14: Indikator | J14: Tolok Ukur Kinerja | V14: Target Kinerja
A15: Capaian Program | J15: :
A16: Masukan | J16: : | K16: Dana
J17: : | K17: SDM
J18: : | K18: Sarana Prasarana
J19: : | K19: Metode Kerja
A20: Keluaran | J20: : | K20: 1. Pembayaran Langganan Koran dan Majalah
A24: Hasil | J24: :
A28: Kelompok Sasaran Kegiatan | J28: :
A29: Rincian Dokumen Pelaksanaan Kegiatan Belanja
A30: Menurut Program dan Per Kegiatan Satuan Pendidikan
A31: KODE REKENING | I31: U R A I A N | L31: RINCIAN PERHITUNGAN | W31: JUMLAH | X31: Ket | Y31: tata kala perencanaan anggaran bulanan | AK31: JUMLAH | AL31: tata kala pengeluaran anggaran bulanan | AX31: JUMLAH | AY31: SISA
L33: Rincian | T33: Volume | U33: Satuan | V33: Harga Satuan
W34: (Rp) | Y34: 1 | Z34: 2 | AA34: 3 | AB34: 4 | AC34: 5 | AD34: 6 | AE34: 7 | AF34: 8 | AG34: 9 | AH34: 10 | AI34: 11 | AJ34: 12 | AL34: 1 | AM34: 2 | AN34: 3 | AO34: 4 | AP34: 5 | AQ34: 6 | AR34: 7 | AS34: 8 | AT34: 9 | AU34: 10 | AV34: 11 | AW34: 12
A36: 1 | I36: 2 | L36: 3 | T36: 4 | U36: 5 | V36: 6 | W36: 7 = (4x6) | X36: 8
B37: 5 | J37: BELANJA | W37: =W38 -> 1080000
B38: 5 | C38: 1 | J38: BELANJA OPERASI | W38: =W39 -> 1080000
B39: 5 | C39: 1 | D39: 02 | J39: BELANJA BARANG DAN JASA | W39: =W40 -> 1080000
B40: 5 | C40: 1 | D40: 02 | E40: 02 | J40: Belanja Jasa | W40: =W41 -> 1080000
B41: 5 | C41: 1 | D41: 02 | E41: 02 | F41: 01 | J41: Belanja Jasa Kantor | W41: =W42 -> 1080000
B42: 5 | C42: 1 | D42: 02 | E42: 02 | F42: 01 | G42: 0062 | J42: Belanja Langganan Jurnal/Surat Kabar/Majalah | W42: =SUM(W43:W43) -> 1080000
J43: Surat Kabar | R43: 12 | S43: bln | T43: =R43 -> 12 | U43: bln | V43: 90000 | W43: =V43*T43 -> 1080000 | X43: BOSDA | Y43: 90000 | Z43: 90000 | AA43: 90000 | AB43: 90000 | AC43: 90000 | AD43: 90000 | AE43: 90000 | AF43: 90000 | AG43: 90000 | AH43: 90000 | AI43: 90000 | AJ43: 90000 | AK43: =SUM(Y43:AJ43) -> 1080000 | AX43: =SUM(AL43:AW43) -> 0 | AY43: =AK43-AX43 -> 1080000
A46: JUMLAH | W46: =W37 -> 1080000 | AK46: =SUM(AK36:AK45) -> 1080000 | AX46: =SUM(AX36:AX45) -> 0 | AY46: =SUM(AY36:AY45) -> 1080000
A47: Rencana Penarikan Dana per Tahap
A48: Tahap 1 | D48: Rp | V48: Yogyakarta, 24 November 20254 | AA48: `
A49: Tahap 2 | D49: Rp | V49: Kepala Sekolah
A50: Tahap 3 | D50: Rp
A52: Jumlah | D52: Rp
V53: Jumadi, S.Pd.SD
V54: NIP. 19710727 199103 1 003

Sheet 5.3.3
V3: DPK-SP 5.1.1
W4: 1
A5: KOTA YOGYAKARTA
A6: TAHUN ANGGARAN 2026
A7: Satuan Pendidikan | J7: : | K7: SD Negeri Randusari
A8: Program | J8: : | K8: 5.3 Pengembangan Standar Proses
A9: Kegiatan | J9: : | K9: 5.3.3 Pembiayaan Kegiatan Pembelajaran dan Ekstrakurikuler
A10: Waktu Pelaksanaan | J10: : | K10: Januari s.d Desember
A11: Lokasi Kegiatan | J11: : | K11: SD Negeri Randusari
A12: Sumber Dana | J12: : | K12: BOSDA Rp26.640.000,00
A13: Indikator & Tolok Ukur Belanja
A14: Indikator | J14: Tolok Ukur Kinerja | V14: Target Kinerja
A15: Capaian Program | J15: :
A16: Masukan | J16: : | K16: Dana
J17: : | K17: SDM
J18: : | K18: Sarana Prasarana
J19: : | K19: Metode Kerja
A20: Keluaran | J20: : | K20: 1. Pelaksanaan Ekstrakurikuler Kepramukaan
K21: 2. Pelaksanaan Ekstrakurikuler Seni dan Budaya
K22: 3. Pelaksanaan Ekstrakurikuler Olahraga
K23: 4. Pelaksanaan Program-Program Sekolah Lainnya
K24: 5. Pelaksanaan Lomba OOSN
K25: 6. Pelaksanaan Lomba FLSSN
A26: Hasil | J26: :
A30: Kelompok Sasaran Kegiatan | J30: :
A31: Rincian Dokumen Pelaksanaan Kegiatan Belanja
A32: Menurut Program dan Per Kegiatan Satuan Pendidikan
A33: KODE REKENING | I33: U R A I A N | L33: RINCIAN PERHITUNGAN | W33: JUMLAH | X33: Ket | Y33: tata kala perencanaan anggaran bulanan | AK33: JUMLAH | AL33: tata kala pengeluaran anggaran bulanan | AX33: JUMLAH | AY33: SISA
L35: Rincian | T35: Volume | U35: Satuan | V35: Harga Satuan
W36: (Rp) | Y36: 1 | Z36: 2 | AA36: 3 | AB36: 4 | AC36: 5 | AD36: 6 | AE36: 7 | AF36: 8 | AG36: 9 | AH36: 10 | AI36: 11 | AJ36: 12 | AL36: 1 | AM36: 2 | AN36: 3 | AO36: 4 | AP36: 5 | AQ36: 6 | AR36: 7 | AS36: 8 | AT36: 9 | AU36: 10 | AV36: 11 | AW36: 12
A38: 1 | I38: 2 | L38: 3 | T38: 4 | U38: 5 | V38: 6 | W38: 7 = (4x6) | X38: 8
B39: 5 | J39: BELANJA | W39: =W40 -> 47020000
B40: 5 | C40: 1 | J40: BELANJA OPERASI | W40: =W41 -> 47020000
B41: 5 | C41: 1 | D41: 02 | J41: BELANJA BARANG DAN JASA | W41: =W43 -> 47020000
B43: 5 | C43: 1 | D43: 02 | E43: 02 | J43: Belanja Jasa | W43: =W44 -> 47020000
B44: 5 | C44: 1 | D44: 02 | E44: 02 | F44: 01 | J44: Belanja Jasa Kantor | W44: =W45+W53 -> 47020000
B45: 5 | C45: 1 | D45: 02 | E45: 02 | F45: 01 | G45: 0013 | J45: Belanja Jasa Tenaga Pendidikan | W45: =SUM(W46:W51) -> 23520000
J46: Instruktur Ekstrakurikuler Pramuka | L46: 2 | M46: org | N46: x | O46: 6 | P46: jp | Q46: x | R46: 8 | S46: bln | T46: =R46*O46*L46 -> 96 | U46: ob | V46: 70000 | W46: =V46*T46 -> 6720000 | X46: BOSDA | Y46: 560000 | Z46: 560000 | AA46: 560000 | AB46: 560000 | AC46: 560000 | AD46: 560000 | AE46: 560000 | AF46: 560000 | AG46: 560000 | AH46: 560000 | AI46: 560000 | AJ46: 560000 | AK46: =SUM(Y46:AJ46) -> 6720000 | AX46: =SUM(AL46:AW46) -> 0 | AY46: =AK46-AX46 -> 6720000
J47: Instruktur Ekstrakurikuler Seni Tari | L47: 1 | M47: org | N47: x | O47: 6 | P47: jp | Q47: x | R47: 8 | S47: bln | T47: =R47*O47*L47 -> 48 | U47: ob | V47: 70000 | W47: =V47*T47 -> 3360000 | X47: BOSDA | Z47: 280000 | AA47: 280000 | AB47: 280000 | AC47: 280000 | AD47: 280000 | AE47: 280000 | AF47: 280000 | AG47: 280000 | AH47: 280000 | AI47: 280000 | AJ47: 280000 | AK47: =SUM(Y47:AJ47) -> 3080000 | AX47: =SUM(AL47:AW47) -> 0 | AY47: =AK47-AX47 -> 3080000
J48: Instruktur Ekstrakurikuler Tapak Suci | L48: 1 | M48: org | N48: x | O48: 6 | P48: jp | Q48: x | R48: 8 | S48: bln | T48: =R48*O48*L48 -> 48 | U48: ob | V48: 70000 | W48: =V48*T48 -> 3360000 | X48: BOSDA | Y48: 280000 | Z48: 280000 | AA48: 280000 | AB48: 280000 | AC48: 280000 | AD48: 280000 | AE48: 280000 | AF48: 280000 | AG48: 280000 | AH48: 280000 | AI48: 280000 | AJ48: 280000 | AK48: =SUM(Y48:AJ48) -> 3360000 | AX48: =SUM(AL48:AW48) -> 0 | AY48: =AK48-AX48 -> 3360000
J49: Instruktur Ekstrakurikuler Seni Lukis | L49: 1 | M49: org | N49: x | O49: 6 | P49: jp | Q49: x | R49: 8 | S49: bln | T49: =R49*O49*L49 -> 48 | U49: ob | V49: 70000 | W49: =V49*T49 -> 3360000 | X49: BOSDA | AG49: 280000 | AH49: 280000 | AK49: =SUM(Y49:AJ49) -> 560000 | AY49: =AK49-AX49 -> 560000
J50: Instruktur Ekstrakurikuler Paduan Suara | L50: 1 | M50: org | N50: x | O50: 6 | P50: jp | Q50: x | R50: 8 | S50: bln | T50: =R50*O50*L50 -> 48 | U50: ob | V50: 70000 | W50: =V50*T50 -> 3360000 | X50: BOSDA
J51: Instruktur Ekstrakurikuler Bulutangkis | L51: 1 | M51: org | N51: x | O51: 6 | P51: jp | Q51: x | R51: 8 | S51: bln | T51: =R51*O51*L51 -> 48 | U51: ob | V51: 70000 | W51: =V51*T51 -> 3360000 | X51: BOSDA
B53: 5 | C53: 1 | D53: 02 | E53: 02 | F53: 01 | G53: 0048 | J53: Belanja Jasa Kontribusi Asosiasi | W53: =SUM(W55:W67) -> 23500000
J54: Kepramukaan
J55: Pesta Siaga | O55: 1 | P55: regu | Q55: x | R55: 1 | S55: keg | T55: =R55*O55 -> 1 | U55: regu | V55: 200000 | W55: =V55*T55 -> 200000 | X55: BOSDA | AF55: 200000 | AK55: =SUM(Y55:AJ55) -> 200000 | AX55: =SUM(AL55:AW55) -> 0 | AY55: =AK55-AX55 -> 200000
J56: Kemah Penggalang | O56: 36 | P56: org | Q56: x | R56: 1 | S56: keg | T56: =O56 -> 36 | V56: 150000 | W56: =V56*T56 -> 5400000
J58: Registrasi Lomba-lomba
J59: FLSSN | O59: 3 | P59: siswa | Q59: x | R59: 1 | S59: keg | T59: =R59*O59 -> 3 | U59: siswa | V59: 100000 | W59: =V59*T59 -> 300000 | X59: BOSDA | AF59: =W59 -> 300000 | AK59: =SUM(Y59:AJ59) -> 300000 | AX59: =SUM(AL59:AW59) -> 0 | AY59: =AK59-AX59 -> 300000
J60: OOSN | O60: 3 | P60: siswa | Q60: x | R60: 1 | S60: keg | T60: =R60*O60 -> 3 | U60: siswa | V60: 100000 | W60: =V60*T60 -> 300000 | X60: BOSDA | AF60: =W60 -> 300000 | AK60: =SUM(Y60:AJ60) -> 300000 | AX60: =SUM(AL60:AW60) -> 0 | AY60: =AK60-AX60 -> 300000
J61: MTQ | O61: 10 | P61: siswa | Q61: x | R61: 1 | S61: keg | T61: =R61*O61 -> 10 | U61: siswa | V61: 50000 | W61: =V61*T61 -> 500000 | X61: BOSDA | AF61: =W61 -> 500000 | AK61: =SUM(Y61:AJ61) -> 500000 | AX61: =SUM(AL61:AW61) -> 0 | AY61: =AK61-AX61 -> 500000
B63: 5 | C63: 1 | D63: 02 | E63: 02 | F63: 01 | G63: 0067 | J63: Pembelajaran Luar Sekolah | AA63: 300000 | AK63: =SUM(Y63:AJ63) -> 300000 | AX63: =SUM(AL63:AW63) -> 0 | AY63: =AK63-AX63 -> 300000
J64: Kelas 1 dan 2 | O64: 35 | P64: siswa | Q64: x | R64: 1 | S64: keg | T64: =R64*O64 -> 35 | U64: siswa | V64: 100000 | W64: =V64*T64 -> 3500000 | X64: BOSDA | AA64: 300000 | AK64: =SUM(Y64:AJ64) -> 300000 | AX64: =SUM(AL64:AW64) -> 0 | AY64: =AK64-AX64 -> 300000
J65: Kelas 3 dan 4 | O65: 26 | P65: siswa | Q65: x | R65: 1 | S65: keg | T65: =R65*O65 -> 26 | U65: siswa | V65: 100000 | W65: =V65*T65 -> 2600000 | X65: BOSDA | AA65: 500000 | AK65: =SUM(Y65:AJ65) -> 500000 | AX65: =SUM(AL65:AW65) -> 0 | AY65: =AK65-AX65 -> 500000
J66: Kelas 5 dan 6 | O66: 35 | P66: siswa | Q66: x | R66: 1 | S66: keg | T66: =R66*O66 -> 35 | U66: siswa | V66: 100000 | W66: =V66*T66 -> 3500000 | X66: BOSDA
J67: Sewa Bus | O67: 1 | P67: unt | Q67: x | R67: 3 | S67: keg | T67: 3 | U67: keg | V67: 2400000 | W67: =V67*T67 -> 7200000 | X67: BOSDA
A69: JUMLAH | W69: =W39 -> 47020000 | AK69: =SUM(AK38:AK68) -> 16120000 | AX69: =SUM(AX38:AX68) -> 0 | AY69: =SUM(AY38:AY68) -> 16120000
A70: Rencana Penarikan Dana per Tahap
A71: Tahap 1 | D71: Rp | V71: Yogyakarta, 24 November 2025 | AA71: `
A72: Tahap 2 | D72: Rp | V72: Kepala Sekolah
A73: Tahap 3 | D73: Rp
A75: Jumlah | D75: Rp
V76: Jumadi, S.Pd.SD
V77: NIP. 19710727 199103 1 003

Sheet 5.4.2
V3: DPK-SP 5.1.1
W4: 1
A5: KOTA YOGYAKARTA
A6: TAHUN ANGGARAN 2026
A7: Satuan Pendidikan | J7: : | K7: SD Negeri Randusari
A8: Program | J8: : | K8: 5.4 Pengembangan Pendidik dan Tenaga Kependidikan
A9: Kegiatan | J9: : | K9: 5.4.2 Pembiayaan Pengembangan Profesi Guru dan Tenaga Kependidikan
A10: Waktu Pelaksanaan | J10: : | K10: Januari, Mei, Juli
A11: Lokasi Kegiatan | J11: : | K11: SD Negeri Randusari
A12: Sumber Dana | J12: : | K12: BOSDA Rp10.140.000,00
A13: Indikator & Tolok Ukur Belanja
A14: Indikator | J14: Tolok Ukur Kinerja | V14: Target Kinerja
A15: Capaian Program | J15: :
A16: Masukan | J16: : | K16: Dana
J17: : | K17: SDM
J18: : | K18: Sarana Prasarana
J19: : | K19: Metode Kerja
A20: Keluaran | J20: : | K20: 1. Peningkatan Kualitas Guru Kelas, Mata Pelajaran
K21: 2. Peningkatan Kompetensi Kepala Sekolah
K22: 3. Peningkatan Kompetensi Guru untuk Keterlibatan Orangtua/Wali dan Masyarakat dalam Pembelajaran
K23: 4. Kegiatan KKG/MGMP atau KKKS/MKKS
A24: Hasil | J24: :
A28: Kelompok Sasaran Kegiatan | J28: :
A29: Rincian Dokumen Pelaksanaan Kegiatan Belanja
A30: Menurut Program dan Per Kegiatan Satuan Pendidikan
A31: KODE REKENING | I31: U R A I A N | L31: RINCIAN PERHITUNGAN | W31: JUMLAH | X31: Ket | Y31: tata kala perencanaan anggaran bulanan | AK31: JUMLAH | AL31: tata kala pengeluaran anggaran bulanan | AX31: JUMLAH | AY31: SISA
L33: Rincian | T33: Volume | U33: Satuan | V33: Harga Satuan
W34: (Rp) | Y34: 1 | Z34: 2 | AA34: 3 | AB34: 4 | AC34: 5 | AD34: 6 | AE34: 7 | AF34: 8 | AG34: 9 | AH34: 10 | AI34: 11 | AJ34: 12 | AL34: 1 | AM34: 2 | AN34: 3 | AO34: 4 | AP34: 5 | AQ34: 6 | AR34: 7 | AS34: 8 | AT34: 9 | AU34: 10 | AV34: 11 | AW34: 12
A36: 1 | I36: 2 | L36: 3 | T36: 4 | U36: 5 | V36: 6 | W36: 7 = (4x6) | X36: 8
B37: 5 | J37: BELANJA | W37: =W38 -> 10420000
B38: 5 | C38: 1 | J38: BELANJA OPERASI | W38: =W39 -> 10420000
B39: 5 | C39: 1 | D39: 02 | J39: BELANJA BARANG DAN JASA | W39: =W40 -> 10420000
B40: 5 | C40: 1 | D40: 02 | E40: 02 | J40: Belanja Jasa | W40: =W41+W52 -> 10420000
B41: 5 | C41: 1 | D41: 02 | E41: 02 | F41: 01 | J41: Belanja Jasa Kantor | W41: =W42+W46 -> 7920000
B42: 5 | C42: 1 | D42: 02 | E42: 02 | F42: 01 | G42: 0003 | J42: Honorarium Narasumber atau Pembahas, Moderator, Pembawa Acara, dan Panitia | W42: =W43+W44 -> 1400000
J43: Tokoh masyarakat | O43: 1 | P43: org | Q43: x | R43: 1 | S43: keg | T43: =R43*O43 -> 1 | U43: jam | V43: 500000 | W43: =V43*T43 -> 500000 | X43: BOSDA | AC43: 1000000 | AK43: =SUM(Y43:AJ43) -> 1000000 | AX43: =SUM(AL43:AW43) -> 0 | AY43: =AK43-AX43 -> 1000000
J44: Ahli | O44: 1 | P44: org | Q44: x | R44: 1 | S44: keg | T44: =R44*O44 -> 1 | U44: jam | V44: 900000 | W44: =V44*T44 -> 900000 | X44: BOSDA
B46: 5 | C46: 1 | D46: 02 | E46: 02 | F46: 01 | G46: 0048 | J46: Belanja Jasa Kontribusi Asosiasi | W46: =SUM(W47:W51) -> 6520000
J47: KKKS | O47: 1 | P47: org | Q47: x | R47: 1 | S47: thn | T47: =R47*O47 -> 1 | U47: thn | V47: 1900000 | W47: =V47*T47 -> 1900000 | X47: BOSDA | AE47: 1900000 | AK47: =SUM(Y47:AJ47) -> 1900000 | AX47: =SUM(AL47:AW47) -> 0 | AY47: =AK47-AX47 -> 1900000
J48: KKG Guru Kelas | O48: 6 | P48: org | Q48: x | R48: 1 | S48: thn | T48: =R48*O48 -> 6 | U48: thn | V48: 480000 | W48: =V48*T48 -> 2880000 | X48: BOSDA | AE48: 2880000 | AK48: =SUM(Y48:AJ48) -> 2880000 | AX48: =SUM(AL48:AW48) -> 0 | AY48: =AK48-AX48 -> 2880000
J49: KKG Guru PJOK | O49: 1 | P49: org | Q49: x | R49: 1 | S49: thn | T49: =R49*O49 -> 1 | U49: thn | V49: 480000 | W49: =V49*T49 -> 480000 | X49: BOSDA | AE49: 480000 | AK49: =SUM(Y49:AJ49) -> 480000 | AX49: =SUM(AL49:AW49) -> 0 | AY49: =AK49-AX49 -> 480000
J50: KKG Guru PAI | O50: 1 | P50: org | Q50: x | R50: 1 | S50: thn | T50: =R50*O50 -> 1 | U50: thn | V50: 480000 | W50: =V50*T50 -> 480000 | X50: BOSDA | AE50: 480000 | AK50: =SUM(Y50:AJ50) -> 480000 | AX50: =SUM(AL50:AW50) -> 0 | AY50: =AK50-AX50 -> 480000
J51: KK Operator Dapodik | O51: 1 | P51: org | Q51: x | R51: 39 | S51: bln | T51: =R51*O51 -> 39 | U51: bln | V51: 20000 | W51: =V51*T51 -> 780000 | X51: BOSDA
B52: 5 | C52: 1 | D52: 02 | E52: 04 | J52: Belanja Perjalanan Dinas | W52: =W53 -> 2500000
B53: 5 | C53: 1 | D53: 02 | E53: 04 | F53: 01 | J53: Belanja Perjalanan Dinas Dalam Negeri | W53: =W54 -> 2500000
B54: 5 | C54: 1 | D54: 02 | E54: 04 | F54: 01 | G54: 0001 | J54: Belanja Perjalanan Dinas Biasa | W54: =SUM(W55:W57) -> 2500000
J55: Perjalanan Dinas Dalam Kota | Y55: 1700000 | AK55: =SUM(Y55:AJ55) -> 1700000 | AX55: =SUM(AL55:AW55) -> 0 | AY55: =AK55-AX55 -> 1700000
J56: Pendamping Kegiatan | O56: 1 | P56: org | Q56: x | R56: 20 | S56: keg | T56: =R56*O56 -> 20 | U56: org | V56: 50000 | W56: =V56*T56 -> 1000000 | X56: BOSDA | Y56: 1700000 | AK56: =SUM(Y56:AJ56) -> 1700000 | AX56: =SUM(AL56:AW56) -> 0 | AY56: =AK56-AX56 -> 1700000
J57: Uang Saku | O57: 1 | P57: org | Q57: x | R57: 60 | S57: keg | T57: =R57*O57 -> 60 | U57: org | V57: 25000 | W57: =V57*T57 -> 1500000 | X57: BOSDA
A59: JUMLAH | W59: =W37 -> 10420000 | AK59: =SUM(AK36:AK58) -> 10140000 | AX59: =SUM(AX36:AX58) -> 0 | AY59: =SUM(AY36:AY58) -> 10140000
A60: Rencana Penarikan Dana per Tahap
A61: Tahap 1 | D61: Rp | V61: Yogyakarta, 24 November 2025 | AA61: `
A62: Tahap 2 | D62: Rp | V62: Kepala Sekolah
A63: Tahap 3 | D63: Rp
A65: Jumlah | D65: Rp
V66: Jumadi, S.Pd.SD
V67: NIP. 19710727 199103 1 003

Sheet 5.5.1
V3: DPK-SP 5.1.1
W4: 1
A5: KOTA YOGYAKARTA
A6: TAHUN ANGGARAN 2026
A7: Satuan Pendidikan | J7: : | K7: SD Negeri Randusari
A8: Program | J8: : | K8: 5.5 Pengembangan Sarana dan Prasarana Sekolah
A9: Kegiatan | J9: : | K9: 5.5.1 Pembiayaan Pengembangan Perpustakaan
A10: Waktu Pelaksanaan | J10: : | K10: Januari, Juni
A11: Lokasi Kegiatan | J11: : | K11: SD Negeri Randusari
A12: Sumber Dana | J12: : | K12: BOSN Rp20.000.000,00 BOSDA Rp15.000.000,00
A13: Indikator & Tolok Ukur Belanja
A14: Indikator | J14: Tolok Ukur Kinerja | V14: Target Kinerja
A15: Capaian Program | J15: :
A16: Masukan | J16: : | K16: Dana
J17: : | K17: SDM
J18: : | K18: Sarana Prasarana
J19: : | K19: Metode Kerja
A20: Keluaran | J20: : | K20: 1. Pemeliharaan atau Pengadaan Buku/Koleksi Perpustakaan
A24: Hasil | J24: :
A28: Kelompok Sasaran Kegiatan | J28: :
A29: Rincian Dokumen Pelaksanaan Kegiatan Belanja
A30: Menurut Program dan Per Kegiatan Satuan Pendidikan
A31: KODE REKENING | I31: U R A I A N | L31: RINCIAN PERHITUNGAN | W31: JUMLAH | X31: Ket | Y31: tata kala perencanaan anggaran bulanan | AK31: JUMLAH | AL31: tata kala pengeluaran anggaran bulanan | AX31: JUMLAH | AY31: SISA
L33: Rincian | T33: Volume | U33: Satuan | V33: Harga Satuan
W34: (Rp) | Y34: 1 | Z34: 2 | AA34: 3 | AB34: 4 | AC34: 5 | AD34: 6 | AE34: 7 | AF34: 8 | AG34: 9 | AH34: 10 | AI34: 11 | AJ34: 12 | AL34: 1 | AM34: 2 | AN34: 3 | AO34: 4 | AP34: 5 | AQ34: 6 | AR34: 7 | AS34: 8 | AT34: 9 | AU34: 10 | AV34: 11 | AW34: 12
A36: 1 | I36: 2 | L36: 3 | T36: 4 | U36: 5 | V36: 6 | W36: 7 = (4x6) | X36: 8
B37: 5 | J37: BELANJA | W37: =W38 -> 15750000
B38: 5 | C38: 2 | J38: BELANJA MODAL | W38: =W39 -> 15750000
B39: 5 | C39: 2 | D39: 05 | J39: BELANJA MODAL ASET TETAP LAINNYA | W39: =W40 -> 15750000
B40: 5 | C40: 2 | D40: 05 | E40: 01 | J40: Belanja Modal Bahan Perpustakaan | W40: =W41 -> 15750000
B41: 5 | C41: 2 | D41: 05 | E41: 01 | F41: 01 | J41: Belanja Modal Bahan Perpustakaan Tercetak | W41: =W42 -> 15750000
B42: 5 | C42: 2 | D42: 05 | E42: 01 | F42: 01 | G42: 0001 | J42: Belanja Modal Buku Umum | W42: =SUM( W43:W44) -> 15750000
J43: Buku | R43: 55 | S43: eks | T43: =R43 -> 55 | U43: eks | V43: 150000 | W43: =V43*T43 -> 8250000 | X43: BOSN | Y43: =W43 -> 8250000 | AK43: =SUM(Y43:AJ43) -> 8250000 | AX43: =SUM(AL43:AW43) -> 0 | AY43: =AK43-AX43 -> 8250000
J44: Buku | R44: 50 | S44: eks | T44: =R44 -> 50 | U44: eks | V44: 150000 | W44: =V44*T44 -> 7500000 | X44: BOSDA | AD44: =W44 -> 7500000 | AK44: =SUM(Y44:AJ44) -> 7500000 | AX44: =SUM(AL44:AW44) -> 0 | AY44: =AK44-AX44 -> 7500000
A47: JUMLAH | W47: =W37 -> 15750000 | AK47: =SUM(AK36:AK46) -> 15750000 | AX47: =SUM(AX36:AX46) -> 0 | AY47: =SUM(AY36:AY46) -> 15750000
A48: Rencana Penarikan Dana per Tahap
A49: Tahap 1 | D49: Rp | V49: Yogyakarta, 24 November 2025 | AA49: `
A50: Tahap 2 | D50: Rp | V50: Kepala Sekolah
A51: Tahap 3 | D51: Rp | Z51: =W43 -> 8250000
Z52: ='5.5.5'!W44+'5.5.5'!W50+'5.5.5'!W65+'5.5.5'!W70+'5.5.5'!W73+'5.5.5'!W84+'5.5.5'!W98+'5.5.5'!W120+'5.5.5'!W102 -> 27367200
A53: Jumlah | D53: Rp | Z53: ='5.5.7'!W43+'5.5.7'!W51 -> 33000000
V54: Jumadi, S.Pd.SD | Z54: ='5.7.2'!W43+'5.7.2'!W46 -> 12382800
V55: NIP. 19710727 199103 1 003 | Z55: =SUM(Z51:AA54) -> 81000000

Sheet 5.5.3
V3: DPK-SP 5.1.1
W4: 1
A5: KOTA YOGYAKARTA
A6: TAHUN ANGGARAN 2026
A7: Satuan Pendidikan | J7: : | K7: SD Negeri Randusari
A8: Program | J8: : | K8: 5.5 Pengembangan Sarana dan Prasarana Sekolah
A9: Kegiatan | J9: : | K9: 5.5.3 Pembiayaan Administrasi Kegiatan Sekolah
A10: Waktu Pelaksanaan | J10: : | K10: Juli
A11: Lokasi Kegiatan | J11: : | K11: SD Negeri Randusari
A12: Sumber Dana | J12: : | K12: BOSDA Rp1.500.000,00
A13: Indikator & Tolok Ukur Belanja
A14: Indikator | J14: Tolok Ukur Kinerja | V14: Target Kinerja
A15: Capaian Program | J15: :
A16: Masukan | J16: : | K16: Dana
J17: : | K17: SDM
J18: : | K18: Sarana Prasarana
J19: : | K19: Metode Kerja
A20: Keluaran | J20: : | K20: 1. Pembuatan dan Pemeliharaan Website
A24: Hasil | J24: :
A28: Kelompok Sasaran Kegiatan | J28: :
A29: Rincian Dokumen Pelaksanaan Kegiatan Belanja
A30: Menurut Program dan Per Kegiatan Satuan Pendidikan
A31: KODE REKENING | I31: U R A I A N | L31: RINCIAN PERHITUNGAN | W31: JUMLAH | X31: Ket | Y31: tata kala perencanaan anggaran bulanan | AK31: JUMLAH | AL31: tata kala pengeluaran anggaran bulanan | AX31: JUMLAH | AY31: SISA
L33: Rincian | T33: Volume | U33: Satuan | V33: Harga Satuan
W34: (Rp) | Y34: 1 | Z34: 2 | AA34: 3 | AB34: 4 | AC34: 5 | AD34: 6 | AE34: 7 | AF34: 8 | AG34: 9 | AH34: 10 | AI34: 11 | AJ34: 12 | AL34: 1 | AM34: 2 | AN34: 3 | AO34: 4 | AP34: 5 | AQ34: 6 | AR34: 7 | AS34: 8 | AT34: 9 | AU34: 10 | AV34: 11 | AW34: 12
A36: 1 | I36: 2 | L36: 3 | T36: 4 | U36: 5 | V36: 6 | W36: 7 = (4x6) | X36: 8
B37: 5 | J37: BELANJA | W37: =W38 -> 1500000
B38: 5 | C38: 1 | J38: BELANJA OPERASI | W38: =W39 -> 1500000
B39: 5 | C39: 1 | D39: 02 | J39: BELANJA BARANG DAN JASA | W39: =W40 -> 1500000
B40: 5 | C40: 1 | D40: 02 | E40: 02 | J40: Belanja Jasa | W40: =W41 -> 1500000
B41: 5 | C41: 1 | D41: 02 | E41: 02 | F41: 07 | J41: Belanja Sewa Aset Tetap Lainnya | W41: =W42 -> 1500000
B42: 5 | C42: 1 | D42: 02 | E42: 02 | F42: 07 | G42: 0010 | J42: Belanja Sewa Serial | W42: =W43 -> 1500000
J43: Perpanjang Domain Website Sekolah | R43: 1 | S43: thn | T43: =R43 -> 1 | U43: thn | V43: 1500000 | W43: =V43*T43 -> 1500000 | X43: BOSDA | AE43: =W43 -> 1500000 | AK43: =SUM(Y43:AJ43) -> 1500000 | AX43: =SUM(AL43:AW43) -> 0 | AY43: =AK43-AX43 -> 1500000
A46: JUMLAH | W46: =W37 -> 1500000 | AK46: =SUM(AK36:AK45) -> 1500000 | AX46: =SUM(AX36:AX45) -> 0 | AY46: =SUM(AY36:AY45) -> 1500000
A47: Rencana Penarikan Dana per Tahap
A48: Tahap 1 | D48: Rp | V48: Yogyakarta, 24 November 2025 | AA48: `
A49: Tahap 2 | D49: Rp | V49: Kepala Sekolah
A50: Tahap 3 | D50: Rp
A52: Jumlah | D52: Rp
V53: Jumadi, S.Pd.SD
V54: NIP. 19710727 199103 1 003

Sheet 5.5.5
V3: DPK-SP 5.1.1
W4: 1
A5: KOTA YOGYAKARTA
A6: TAHUN ANGGARAN 2026
A7: Satuan Pendidikan | J7: : | K7: SD Negeri Randusari
A8: Program | J8: : | K8: 5.5 Pengembangan Sarana dan Prasarana Sekolah
A9: Kegiatan | J9: : | K9: 5.5.5 Pembiayaan Pemeliharaan Sarana dan Prasarana
A10: Waktu Pelaksanaan | J10: : | K10: Januari s.d Desember
A11: Lokasi Kegiatan | J11: : | K11: SD Negeri Randusari
A12: Sumber Dana | J12: : | K12: BOSN Rp24.300.000,00 BOSDA Rp38.230.000,00
A13: Indikator & Tolok Ukur Belanja
A14: Indikator | J14: Tolok Ukur Kinerja | V14: Target Kinerja
A15: Capaian Program | J15: :
A16: Masukan | J16: : | K16: Dana
J17: : | K17: SDM
J18: : | K18: Sarana Prasarana
J19: : | K19: Metode Kerja
A20: Keluaran | J20: : | K20: 1. Pemeliharaan Perlengkapan Sekolah
K21: 2. Pengadaan Alat Peraga/Praktik Sekolah
K22: 3. Pemeliharaan Taman dan Lapangan
K23: 4. Pemeliharaan Bangunan Sekolah
K24: 5. Penambahan Lemari/Etalase
K25: 6. Pemeliharaan Peralatan Kantor
A26: Hasil | J26: :
A30: Kelompok Sasaran Kegiatan | J30: :
A31: Rincian Dokumen Pelaksanaan Kegiatan Belanja
A32: Menurut Program dan Per Kegiatan Satuan Pendidikan
A33: KODE REKENING | I33: U R A I A N | L33: RINCIAN PERHITUNGAN | W33: JUMLAH | X33: Ket | Y33: tata kala perencanaan anggaran bulanan | AK33: JUMLAH | AL33: tata kala pengeluaran anggaran bulanan | AX33: JUMLAH | AY33: SISA
L35: Rincian | T35: Volume | U35: Satuan | V35: Harga Satuan
W36: (Rp) | Y36: 1 | Z36: 2 | AA36: 3 | AB36: 4 | AC36: 5 | AD36: 6 | AE36: 7 | AF36: 8 | AG36: 9 | AH36: 10 | AI36: 11 | AJ36: 12 | AL36: 1 | AM36: 2 | AN36: 3 | AO36: 4 | AP36: 5 | AQ36: 6 | AR36: 7 | AS36: 8 | AT36: 9 | AU36: 10 | AV36: 11 | AW36: 12
A38: 1 | I38: 2 | L38: 3 | T38: 4 | U38: 5 | V38: 6 | W38: 7 = (4x6) | X38: 8
B39: 5 | J39: BELANJA | W39: =W40 -> 35261800
B40: 5 | C40: 1 | J40: BELANJA OPERASI | W40: =W41 -> 35261800
B41: 5 | C41: 1 | D41: 02 | J41: BELANJA BARANG DAN JASA | W41: =W42+W109 -> 35261800
B42: 5 | C42: 1 | D42: 02 | E42: 01 | J42: Belanja Barang | W42: =W43 -> 25267200
B43: 5 | C43: 1 | D43: 02 | E43: 01 | F43: 01 | J43: Belanja Barang Pakai Habis | W43: =W44+W50+W65+W70+W73+W84+W98+W102 -> 25267200
B44: 5 | C44: 1 | D44: 02 | E44: 01 | F44: 01 | G44: 0005 | J44: Belanja Bahan-bahan Baku Praktik KBM | W44: =SUM(W45:W48) -> 1509000
J45: Kain Mori/Bahan Batik | R45: 20 | S45: m | T45: =R45 -> 20 | U45: m | V45: 34000 | W45: =V45*T45 -> 680000 | X45: BOSN | AK45: =SUM(Y45:AJ45) -> 0 | AX45: =SUM(AL45:AW45) -> 0 | AY45: =AK45-AX45 -> 0
J46: Malam Klowong | R46: 7 | S46: buah | T46: =R46 -> 7 | U46: buah | V46: 47000 | W46: =V46*T46 -> 329000 | X46: BOSN | AK46: =SUM(Y46:AJ46) -> 0 | AX46: =SUM(AL46:AW46) -> 0 | AY46: =AK46-AX46 -> 0
J47: Pewarna Batik remasol | R47: 10 | S47: pcs | T47: =R47 -> 10 | U47: 100 gram | V47: 50000 | W47: =V47*T47 -> 500000 | X47: BOSN | AK47: =SUM(Y47:AJ47) -> 0 | AX47: =SUM(AL47:AW47) -> 0 | AY47: =AK47-AX47 -> 0
AK48: =SUM(Y48:AJ48) -> 0 | AX48: =SUM(AL48:AW48) -> 0 | AY48: =AK48-AX48 -> 0
B50: 5 | C50: 1 | D50: 02 | E50: 01 | F50: 01 | G50: 0024 | J50: Belanja Alat/Bahan untuk Kegiatan Kantor- Alat Tulis Kantor | W50: =SUM(W51:W63) -> 4178000
J51: Snelhelter Plastik | R51: 52 | S51: pcs | T51: =R51 -> 52 | U51: pcs | V51: 4000 | W51: =V51*T51 -> 208000 | X51: BOSN | AK51: =SUM(Y51:AJ51) -> 0 | AX51: =SUM(AL51:AW51) -> 0 | AY51: =AK51-AX51 -> 0
J52: Isi Cutter | R52: 25 | S52: pcs | T52: =R52 -> 25 | U52: pcs | V52: 5000 | W52: =V52*T52 -> 125000 | X52: BOSN | AK52: =SUM(Y52:AJ52) -> 0 | AX52: =SUM(AL52:AW52) -> 0 | AY52: =AK52-AX52 -> 0
J53: Spidol Whiteboard Hitam Snowman | R53: 48 | S53: pcs | T53: =R53 -> 48 | U53: pcs | V53: 10000 | W53: =V53*T53 -> 480000 | X53: BOSN | AH53: 240000 | AK53: =SUM(Y53:AJ53) -> 240000 | AX53: =SUM(AL53:AW53) -> 0 | AY53: =AK53-AX53 -> 240000
J54: Stofmap Kertas | R54: 15 | S54: pack | T54: =R54 -> 15 | U54: pack | V54: 27000 | W54: =V54*T54 -> 405000 | X54: BOSN | AK54: =SUM(Y54:AJ54) -> 0 | AX54: =SUM(AL54:AW54) -> 0 | AY54: =AK54-AX54 -> 0
J55: Trigonal Klip | R55: 48 | S55: pcs | T55: =R55 -> 48 | U55: pcs | V55: 3500 | W55: =V55*T55 -> 168000 | X55: BOSN | AK55: =SUM(Y55:AJ55) -> 0 | AX55: =SUM(AL55:AW55) -> 0 | AY55: =AK55-AX55 -> 0
J56: Spidol Whiteboard Merah | R56: 24 | S56: pcs | T56: =R56 -> 24 | U56: pcs | V56: 10000 | W56: =V56*T56 -> 240000 | X56: BOSN | AK56: =SUM(Y56:AJ56) -> 0 | AX56: =SUM(AL56:AW56) -> 0 | AY56: =AK56-AX56 -> 0
J57: Tinta Spidol Whiteboard | R57: 24 | S57: pcs | T57: =R57 -> 24 | U57: pcs | V57: 20000 | W57: =V57*T57 -> 480000 | X57: BOSN | AK57: =SUM(Y57:AJ57) -> 0 | AX57: =SUM(AL57:AW57) -> 0 | AY57: =AK57-AX57 -> 0
J58: Buku Tulis 38 lbr | R58: 374 | S58: pcs | T58: =R58 -> 374 | U58: pcs | V58: 3000 | W58: =V58*T58 -> 1122000 | X58: BOSN | AH58: 750000 | AK58: =SUM(Y58:AJ58) -> 750000
J59: Doubletip 0,5 inchi | R59: 20 | S59: pcs | T59: =R59 -> 20 | U59: pcs | V59: 2500 | W59: =V59*T59 -> 50000 | X59: BOSN | AH59: 40000 | AK59: =SUM(Y59:AJ59) -> 40000
J60: Doubletip 1 inchi | R60: 20 | S60: pcs | T60: =R60 -> 20 | U60: pcs | V60: 5000 | W60: =V60*T60 -> 100000 | X60: BOSN | AH60: 80000 | AK60: =SUM(Y60:AJ60) -> 80000
J61: Batu Baterai Tanggung | R61: 50 | S61: pcs | T61: =R61 -> 50 | U61: pcs | V61: 5500 | W61: =V61*T61 -> 275000 | X61: BOSN | AH61: 192500 | AK61: =SUM(Y61:AJ61) -> 192500
J62: Lakban Bening kecil | R62: 25 | S62: pcs | T62: =R62 -> 25 | U62: pcs | V62: 12000 | W62: =V62*T62 -> 300000 | X62: BOSN
J63: Lakban Bening besar | R63: 25 | S63: pcs | T63: =R63 -> 25 | U63: pcs | V63: 9000 | W63: =V63*T63 -> 225000 | X63: BOSN
B65: 5 | C65: 1 | D65: 02 | E65: 01 | F65: 01 | G65: 0025 | J65: Belanja Alat/Bahan untuk Kegiatan Kantor- Kertas Dan Cover | W65: =SUM(W66:W68) -> 3925000
J66: Kertas HVS F4 | R66: 30 | S66: rim | T66: =R66 -> 30 | U66: rim | V66: 62000 | W66: =V66*T66 -> 1860000 | X66: BOSN | AG66: =AC66 -> 0 | AK66: =SUM(Y66:AJ66) -> 0
J67: Kertas HVS A4 | R67: 30 | S67: rim | T67: =R67 -> 30 | U67: rim | V67: 57000 | W67: =V67*T67 -> 1710000 | X67: BOSN | AG67: =AC67 -> 0 | AK67: =SUM(Y67:AJ67) -> 0
J68: Kertas HVS A4 80 gr | R68: 5 | S68: rim | T68: =R68 -> 5 | U68: riim | V68: 71000 | W68: =V68*T68 -> 355000 | X68: BOSN
B70: 5 | C70: 1 | D70: 02 | E70: 01 | F70: 01 | G70: 0027 | J70: Belanja Alat/Bahan untuk Kegiatan Kantor- Benda Pos | W70: =W71 -> 600000
J71: Materai 10.000 | R71: 48 | S71: pcs | T71: =R71 -> 48 | U71: pcs | V71: 12500 | W71: =V71*T71 -> 600000 | X71: BOSN | AK71: =SUM(Y71:AJ71) -> 0 | AX71: =SUM(AL71:AW71) -> 0 | AY71: =AK71-AX71 -> 0
B73: 5 | C73: 1 | D73: 02 | E73: 01 | F73: 01 | G73: 0029 | J73: Belanja Alat/Bahan untuk Kegiatan Kantor- Bahan Komputer | W73: =SUM(W74:W79) -> 7317505
J74: Refill Tinta Printer Laser (CV Binakarya) | R74: 8 | S74: pcs | T74: =R74 -> 8 | U74: pcs | V74: 166500 | W74: =V74*T74 -> 1332000 | X74: BOSN | Y74: 666000 | AE74: 666000 | AK74: =SUM(Y74:AJ74) -> 1332000 | AX74: =SUM(AL74:AW74) -> 0 | AY74: =AK74-AX74 -> 1332000
J75: Catridge Warna (CV Binakarya) | R75: 3 | S75: pcs | T75: =R75 -> 3 | U75: pcs | V75: 277500 | W75: =V75*T75 -> 832500 | X75: BOSN | Z75: 832500 | AK75: =SUM(Y75:AJ75) -> 832500 | AX75: =SUM(AL75:AW75) -> 0 | AY75: =AK75-AX75 -> 832500
J76: Catridge Hitam Printer HP Neverstop Laser 1000a (CV Binakarya) | R76: 4 | S76: pcs | T76: =R76 -> 4 | U76: pcs | V76: 430000 | W76: =V76*T76 -> 1720000 | X76: BOSN | Y76: 860000 | AD76: 860000 | AK76: =SUM(Y76:AJ76) -> 1720000 | AX76: =SUM(AL76:AW76) -> 0 | AY76: =AK76-AX76 -> 1720000
J77: Refill Toner HP MFP M125a (Sidiq Toner) | R77: 16 | S77: pcs | T77: =R77 -> 16 | U77: pcs | V77: 145000 | W77: =V77*T77 -> 2320000 | X77: BOSN | Y77: 580000 | AB77: 580000 | AE77: 580000 | AG77: 580000 | AK77: =SUM(Y77:AJ77) -> 2320000 | AX77: =SUM(AL77:AW77) -> 0 | AY77: =AK77-AX77 -> 2320000
J78: Reffil Printer Leser | R78: 4 | S78: pcs | T78: =R78 -> 4 | U78: pcs | V78: 167000 | W78: =V78*T78 -> 668000 | X78: BOSN | AK78: =SUM(Y78:AJ78) -> 0
J79: Toner Printer | R79: 1 | S79: pcs | T79: =R79 -> 1 | U79: pcs | V79: 445005 | W79: =V79*T79 -> 445005 | X79: BOSN | Z79: 300000 | AK79: =SUM(Y79:AJ79) -> 300000
AG80: =W80 -> 0 | AK80: =SUM(Y80:AJ80) -> 0
AI81: =W81 -> 0 | AK81: =SUM(Y81:AJ81) -> 0
AB82: =W82 -> 0 | AK82: =SUM(Y82:AJ82) -> 0
B84: 5 | C84: 1 | D84: 02 | E84: 01 | F84: 01 | G84: 0030 | J84: Belanja Alat/Bahan untuk Kegiatan Kantor- Perabot Kantor | W84: =SUM(W85:W96) -> 3698040
J85: Sapu Ijuk | R85: 12 | S85: pcs | T85: =R85 -> 12 | U85: pcs | V85: 25000 | W85: =V85*T85 -> 300000 | X85: BOSN | AA85: =W85 -> 300000 | AK85: =SUM(Y85:AJ85) -> 300000 | AX85: =SUM(AL85:AW85) -> 0 | AY85: =AK85-AX85 -> 300000
J86: Sendok | R86: 2 | S86: lusin | T86: =R86 -> 2 | U86: lusin | V86: 33300 | W86: =V86*T86 -> 66600 | X86: BOSN | AA86: 66600 | AK86: =SUM(Y86:AJ86) -> 66600 | AX86: =SUM(AL86:AW86) -> 0 | AY86: =AK86-AX86 -> 66600
J87: Kapur Barus | R87: 13 | S87: pack | T87: =R87 -> 13 | U87: pack | V87: 30000 | W87: =V87*T87 -> 390000 | X87: BOSN | AA87: 390000 | AK87: =SUM(Y87:AJ87) -> 390000 | AX87: =SUM(AL87:AW87) -> 0 | AY87: =AK87-AX87 -> 390000
J88: Tempat Sampah Kecil | R88: 12 | S88: pcs | T88: =R88 -> 12 | U88: pcs | V88: 20535 | W88: =V88*T88 -> 246420 | X88: BOSN | AA88: 246420 | AK88: =SUM(Y88:AJ88) -> 246420 | AX88: =SUM(AL88:AW88) -> 0 | AY88: =AK88-AX88 -> 246420
J89: Sapu Lidi Bergagang | R89: 6 | S89: pcs | T89: =R89 -> 6 | U89: pcs | V89: 38500 | W89: =V89*T89 -> 231000 | X89: BOSN | AA89: 115500 | AK89: =SUM(Y89:AJ89) -> 115500 | AX89: =SUM(AL89:AW89) -> 0 | AY89: =AK89-AX89 -> 115500
J90: Sabun Cuci Piring | R90: 24 | S90: pcs | T90: =R90 -> 24 | U90: pcs | V90: 18880 | W90: =V90*T90 -> 453120 | X90: BOSN | AA90: 226560 | AF90: 226560 | AK90: =SUM(Y90:AJ90) -> 453120 | AX90: =SUM(AL90:AW90) -> 0 | AY90: =AK90-AX90 -> 453120
J91: Serok Sampah | R91: 6 | S91: pcs | T91: =R91 -> 6 | U91: pcs | V91: 27750 | W91: =V91*T91 -> 166500 | X91: BOSN | AA91: 166500 | AK91: =SUM(Y91:AJ91) -> 166500 | AX91: =SUM(AL91:AW91) -> 0 | AY91: =AK91-AX91 -> 166500
J92: Keset Kain | R92: 6 | S92: pcs | T92: =R92 -> 6 | U92: pcs | V92: 22000 | W92: =V92*T92 -> 132000 | X92: BOSN | AA92: 132000 | AK92: =SUM(Y92:AJ92) -> 132000 | AX92: =SUM(AL92:AW92) -> 0 | AY92: =AK92-AX92 -> 132000
J93: Isi Ulang Sabun Cuci Tangan | R93: 12 | S93: pcs | T93: =R93 -> 12 | U93: pcs | V93: 22200 | W93: =V93*T93 -> 266400 | X93: BOSN | AA93: 266400 | AK93: =SUM(Y93:AJ93) -> 266400 | AX93: =SUM(AL93:AW93) -> 0 | AY93: =AK93-AX93 -> 266400
J94: Alat pel lantai | R94: 6 | S94: pcs | T94: =R94 -> 6 | U94: pcs | V94: 85000 | W94: =V94*T94 -> 510000 | X94: BOSN | Z94: =W94 -> 510000 | AK94: =SUM(Y94:AJ94) -> 510000
J95: Sapu Sawang ( lowo lowo) | R95: 6 | S95: pcs | T95: =R95 -> 6 | U95: pcs | V95: 36000 | W95: =V95*T95 -> 216000 | X95: BOSN | Z95: =W95 -> 216000 | AK95: =SUM(Y95:AJ95) -> 216000
J96: Tisue Kotak 200 Ply | R96: 40 | S96: pcs | T96: =R96 -> 40 | U96: pcs | V96: 18000 | W96: =V96*T96 -> 720000 | X96: BOSN | AD96: =W96 -> 720000 | AK96: =SUM(Y96:AJ96) -> 720000
AK97: =SUM(Y97:AJ97) -> 0
B98: 5 | C98: 1 | D98: 02 | E98: 01 | F98: 01 | G98: 0031 | J98: Belanja Alat/Bahan untuk Kegiatan Kantor- Alat Listrik | W98: =W99+W100 -> 1596000
J99: Lampu LED | R99: 12 | S99: pcs | T99: =R99 -> 12 | U99: pcs | V99: 91000 | W99: =V99*T99 -> 1092000 | X99: BOSN | AE99: 1092000 | AK99: =SUM(Y99:AJ99) -> 1092000 | AX99: =SUM(AL99:AW99) -> 0 | AY99: =AK99-AX99 -> 1092000
J100: Lampu LED 6 watt | R100: 12 | S100: pcs | T100: =R100 -> 12 | U100: pcs | V100: 42000 | W100: =V100*T100 -> 504000 | X100: BOSN | AE100: 420000 | AK100: =SUM(Y100:AJ100) -> 420000
B102: 5 | C102: 1 | D102: 02 | E102: 01 | F102: 01 | G102: 0037 | J102: Belanja Obat-Obatan-Obat | W102: =SUM(W103:W108) -> 2443655
J103: Obat masuk angin | R103: 6 | S103: box | T103: =R103 -> 6 | U103: box | V103: 37000 | W103: =V103*T103 -> 222000 | X103: BOSN | Y103: =W103 -> 222000 | AK103: =SUM(Y103:AJ103) -> 222000 | AX103: =SUM(AL103:AW103) -> 0 | AY103: =AK103-AX103 -> 222000
J104: Kapas Pembalut 100 gram | R104: 25 | S104: pack | T104: =R104 -> 25 | U104: pack | V104: 11100 | W104: =V104*T104 -> 277500 | X104: BOSN | AB104: 133200 | AG104: 133200 | AK104: =SUM(Y104:AJ104) -> 266400 | AX104: =SUM(AL104:AW104) -> 0 | AY104: =AK104-AX104 -> 266400
J105: Minyak Kayu Putih | R105: 25 | S105: botol | T105: =R105 -> 25 | U105: botol | V105: 52000 | W105: =V105*T105 -> 1300000 | X105: BOSN | AB105: 333000 | AK105: =SUM(Y105:AJ105) -> 333000 | AX105: =SUM(AL105:AW105) -> 0 | AY105: =AK105-AX105 -> 333000
J106: Minyak Gosok | R106: 5 | S106: pcs | T106: =R106 -> 5 | U106: pcs | V106: 30831 | W106: =V106*T106 -> 154155 | X106: BOSN | AB106: 366360 | AG106: 366360 | AK106: =SUM(Y106:AJ106) -> 732720 | AX106: =SUM(AL106:AW106) -> 0 | AY106: =AK106-AX106 -> 732720
J107: Perban/Kain Kasa | R107: 25 | S107: pcs | T107: =R107 -> 25 | U107: pcs | V107: 14000 | W107: =V107*T107 -> 350000 | X107: BOSN | AB107: 333120 | AK107: =SUM(Y107:AJ107) -> 333120 | AX107: =SUM(AL107:AW107) -> 0 | AY107: =AK107-AX107 -> 333120
J108: kapas P3K | R108: 20 | S108: pcs | T108: =R108 -> 20 | U108: pcs | V108: 7000 | W108: =V108*T108 -> 140000 | X108: BOSN
B109: 5 | C109: 1 | D109: 02 | E109: 03 | J109: Belanja Pemeliharaan | W109: =W110+W127 -> 9994600
B110: 5 | C110: 1 | D110: 02 | E110: 03 | F110: 02 | J110: Belanja Pemeliharaan Peralatan dan Mesin | W110: =W111+W118+W124 -> 7800000
B111: 5 | C111: 1 | D111: 02 | E111: 03 | F111: 02 | G111: 0117 | J111: Belanja Pemeliharaan Alat Kantor dan Rumah Tangga-Alat Kantor-Alat Kantor | W111: =W112+W113 -> 1700000
J112: Pemeliharaan CCTV | R112: 2 | S112: unit | T112: =R112 -> 2 | U112: unit | V112: 600000 | W112: =V112*T112 -> 1200000 | X112: BOSDA | AK112: =SUM(Y112:AJ112) -> 0 | AX112: =SUM(AL112:AW112) -> 0 | AY112: =AK112-AX112 -> 0
J113: Pemeliharaan Projektor LCD | R113: 1 | S113: unit | T113: =R113 -> 1 | U113: unit | V113: 500000 | W113: =V113*T113 -> 500000 | X113: BOSDA
...

Sheet 5.5.7
V3: DPK-SP 5.1.1
W4: 1
A5: KOTA YOGYAKARTA
A6: TAHUN ANGGARAN 2026
A7: Satuan Pendidikan | J7: : | K7: SD Negeri Randusari
A8: Program | J8: : | K8: 5.5 Pengembangan Sarana dan Prasarana Sekolah
A9: Kegiatan | J9: : | K9: 5.5.7 Penyediaan Alat multimedia Pembelajaran
A10: Waktu Pelaksanaan | J10: : | K10: Januari, Februari, Maret
A11: Lokasi Kegiatan | J11: : | K11: SD Negeri Randusari
A12: Sumber Dana | J12: : | K12: BOSN Rp30.000.000,00 BOSDA Rp13.200.000,00
A13: Indikator & Tolok Ukur Belanja
A14: Indikator | J14: Tolok Ukur Kinerja | V14: Target Kinerja
A15: Capaian Program | J15: :
A16: Masukan | J16: : | K16: Dana
J17: : | K17: SDM
J18: : | K18: Sarana Prasarana
J19: : | K19: Metode Kerja
A20: Keluaran | J20: : | K20: 1. Pengadaan Komputer Dekstop/Work Station
K21: 2. Pengadaan Laptop
K22: 3. Pemeliharaan Printer
K23: 4. Pengadaan LCD Proyektor
A24: Hasil | J24: :
A28: Kelompok Sasaran Kegiatan | J28: :
A29: Rincian Dokumen Pelaksanaan Kegiatan Belanja
A30: Menurut Program dan Per Kegiatan Satuan Pendidikan
A31: KODE REKENING | I31: U R A I A N | L31: RINCIAN PERHITUNGAN | W31: JUMLAH | X31: Ket | Y31: tata kala perencanaan anggaran bulanan | AK31: JUMLAH | AL31: tata kala pengeluaran anggaran bulanan | AX31: JUMLAH | AY31: SISA
L33: Rincian | T33: Volume | U33: Satuan | V33: Harga Satuan
W34: (Rp) | Y34: 1 | Z34: 2 | AA34: 3 | AB34: 4 | AC34: 5 | AD34: 6 | AE34: 7 | AF34: 8 | AG34: 9 | AH34: 10 | AI34: 11 | AJ34: 12 | AL34: 1 | AM34: 2 | AN34: 3 | AO34: 4 | AP34: 5 | AQ34: 6 | AR34: 7 | AS34: 8 | AT34: 9 | AU34: 10 | AV34: 11 | AW34: 12
A36: 1 | I36: 2 | L36: 3 | T36: 4 | U36: 5 | V36: 6 | W36: 7 = (4x6) | X36: 8
B37: 5 | J37: BELANJA | W37: =W38 -> 61535400
B38: 5 | C38: 2 | J38: BELANJA MODAL | W38: =W39 -> 61535400
B39: 5 | C39: 2 | D39: 02 | J39: BELANJA MODAL PERALATAN DAN MESIN | W39: =W42+W49+W54+W61+W68 -> 61535400
B40: 5 | C40: 2 | D40: 02 | E40: 10 | J40: Belanja Modal Komputer
B41: 5 | C41: 2 | D41: 02 | E41: 10 | F41: 01 | J41: Belanja Modal Komputer Unit
B42: 5 | C42: 2 | D42: 02 | E42: 10 | F42: 01 | G42: 0002 | J42: Belanja Modal Personal Computer | W42: =SUM(W43:W44) -> 24000000
J43: Laptop core i7 | R43: 2 | S43: unit | T43: 2 | U43: unit | V43: 12000000 | W43: =T43*V43 -> 24000000 | X43: BOSN | AF43: =W43 -> 24000000 | AK43: =SUM(Y43:AJ43) -> 24000000 | AX43: =SUM(AL43:AW43) -> 0 | AY43: =AK43-AX43 -> 24000000
AC44: =W44 -> 0 | AK44: =SUM(Y44:AJ44) -> 0 | AX44: =SUM(AL44:AW44) -> 0 | AY44: =AK44-AX44 -> 0
B45: 5 | C45: 2 | J45: BELANJA MODAL | AK45: =SUM(Y45:AJ45) -> 0
B46: 5 | C46: 2 | D46: 02 | J46: BELANJA MODAL PERALATAN DAN MESIN | AK46: =SUM(Y46:AJ46) -> 0
B47: 5 | C47: 2 | D47: 02 | E47: 05 | J47: Belanja Modal Alat Kantor dan Rumah Tangga | AK47: =SUM(Y47:AJ47) -> 0
B48: 5 | C48: 2 | D48: 02 | E48: 05 | F48: 01 | J48: Belanja Modal Alat Kantor | AK48: =SUM(Y48:AJ48) -> 0
B49: 5 | C49: 2 | D49: 02 | E49: 05 | F49: 01 | G49: 0005 | J49: Belanja Modal Alat Kantor Lainnya | W49: =SUM(W50:W51) -> 15000000 | AK49: =SUM(Y49:AJ49) -> 0
J50: LCD Proyektor | R50: 1 | S50: unit | T50: 1 | U50: unit | V50: 6000000 | W50: =V50*T50 -> 6000000 | X50: BOSDA | AE50: =W50 -> 6000000 | AK50: =SUM(Y50:AJ50) -> 6000000
J51: LCD Proyektor | R51: 1 | S51: unit | T51: 1 | U51: unit | V51: 9000000 | W51: =V51*T51 -> 9000000 | X51: BOSN | AE51: =W51 -> 9000000 | AK51: =SUM(Y51:AJ51) -> 9000000
B53: 5 | C53: 2 | D53: 02 | E53: 05 | F53: 02 | AK53: =SUM(Y53:AJ53) -> 0
B54: 5 | C54: 2 | D54: 02 | E54: 05 | F54: 02 | G54: 0001 | J54: Belanja Modal Alat Rumah Tangga Lainnya | W54: =SUM(W56:W58) -> 9500000 | AK54: =SUM(Y54:AJ54) -> 0
J55: Belanja Modal Mebel | AD55: =W55 -> 0 | AK55: =SUM(Y55:AJ55) -> 0
J56: Kursi Putar | R56: 3 | S56: unit | T56: 3 | U56: unit | V56: 1500000 | W56: =V56*T56 -> 4500000 | X56: BOSDA
J57: Meja Tamu | R57: 1 | S57: unit | T57: 1 | U57: unit | V57: 1000000 | W57: =V57*T57 -> 1000000 | X57: BOSDA
J58: Sofa | R58: 1 | S58: set | T58: 1 | U58: set | V58: 4000000 | W58: =V58*T58 -> 4000000 | X58: BOSDA
AK59: =SUM(Y59:AJ59) -> 0
B60: 5 | C60: 2 | D60: 02 | E60: 05 | F60: 02 | AK60: =SUM(Y60:AJ60) -> 0
B61: 5 | C61: 2 | D61: 02 | E61: 05 | F61: 02 | G61: 0004 | J61: Belanja Modal Alat Rumah Tangga Lainnya | W61: =SUM(W62:W65) -> 6447500 | AK61: =SUM(Y61:AJ61) -> 0
J62: UPS | R62: 1 | S62: unit | T62: 1 | U62: unit | V62: 3700000 | W62: =V62*T62 -> 3700000 | X62: BOSDA | AK62: =SUM(Y62:AJ62) -> 0
J63: UPS 1200VA | R63: 1 | S63: unit | T63: 1 | U63: unit | V63: 1519000 | W63: =V63*T63 -> 1519000 | X63: BOSDA | AD63: =W63 -> 1519000 | AK63: =SUM(Y63:AJ63) -> 1519000
J64: Tiang mic Berdiri | R64: 1 | S64: unit | T64: 1 | U64: unit | V64: 478500 | W64: =V64*T64 -> 478500 | X64: BOSDA
J65: Papan nama | R65: 1 | S65: unit | T65: 1 | U65: unit | V65: 750000 | W65: =V65*T65 -> 750000 | X65: BOSDA
AK66: =SUM(Y66:AJ66) -> 0
B67: 5 | C67: 2 | D67: 02 | E67: 06 | AK67: =SUM(Y67:AJ67) -> 0
B68: 5 | C68: 2 | D68: 02 | E68: 06 | F68: 01 | J68: Belanja Modal Peralatan Studio Video dan FILM | W68: =W71 -> 6587900 | AK68: =SUM(Y68:AJ68) -> 0
B69: 5 | C69: 2 | D69: 02 | E69: 06 | F69: 01 | G69: 0002 | J69: Belanja Modal Peralatan Studio Video dan FILM | AK69: =SUM(Y69:AJ69) -> 0
J70: Belanja Modal Peralatan Studio Video dan FILM | AB70: =W70 -> 0 | AK70: =SUM(Y70:AJ70) -> 0
J71: TV 40 inc | R71: 1 | S71: unit | T71: 1 | U71: unit | V71: 6587900 | W71: =T71*V71 -> 6587900 | X71: BOSDA | AK71: =SUM(Y71:AJ71) -> 0
W72: =W73 -> 0 | AK72: =SUM(Y72:AJ72) -> 0
AK73: =SUM(Y73:AJ73) -> 0
AK74: =SUM(Y74:AJ74) -> 0
W75: =W37 -> 61535400 | AK75: =SUM(AK36:AK74) -> 40519000 | AX75: =SUM(AX36:AX74) -> 0 | AY75: =SUM(AY36:AY74) -> 24000000
D77: Rp | V77: Yogyakarta, 24 November 2025 | AA77: `
A78: JUMLAH | D78: Rp | V78: Kepala Sekolah
A79: Rencana Penarikan Dana per Tahap | D79: Rp
A80: Tahap 1
A81: Tahap 2 | D81: Rp
A82: Tahap 3 | V82: Jumadi, S.Pd.SD
V83: NIP. 19710727 199103 1 003
A84: Jumlah

Sheet 5.6.2
V3: DPK-SP 5.1.1
W4: 1
A5: KOTA YOGYAKARTA
A6: TAHUN ANGGARAN 2026
A7: Satuan Pendidikan | J7: : | K7: SD Negeri Randusari
A8: Program | J8: : | K8: 5.6 Pengembangan Standar Pengelolaan
A9: Kegiatan | J9: : | K9: 5.6.2 Pembiayaan Administrasi Kegiatan Sekolah
A10: Waktu Pelaksanaan | J10: : | K10: Januari s.d Desember
A11: Lokasi Kegiatan | J11: : | K11: SD Negeri Randusari
A12: Sumber Dana | J12: : | K12: BOSDA Rp900.000,00
A13: Indikator & Tolok Ukur Belanja
A14: Indikator | J14: Tolok Ukur Kinerja | V14: Target Kinerja
A15: Capaian Program | J15: :
A16: Masukan | J16: : | K16: Dana
J17: : | K17: SDM
J18: : | K18: Sarana Prasarana
J19: : | K19: Metode Kerja
A20: Keluaran | J20: : | K20: 1. Updating Data Kesiswaan
A24: Hasil | J24: :
A28: Kelompok Sasaran Kegiatan | J28: :
A29: Rincian Dokumen Pelaksanaan Kegiatan Belanja
A30: Menurut Program dan Per Kegiatan Satuan Pendidikan
A31: KODE REKENING | I31: U R A I A N | L31: RINCIAN PERHITUNGAN | W31: JUMLAH | X31: Ket | Y31: tata kala perencanaan anggaran bulanan | AK31: JUMLAH | AL31: tata kala pengeluaran anggaran bulanan | AX31: JUMLAH | AY31: SISA
L33: Rincian | T33: Volume | U33: Satuan | V33: Harga Satuan
W34: (Rp) | Y34: 1 | Z34: 2 | AA34: 3 | AB34: 4 | AC34: 5 | AD34: 6 | AE34: 7 | AF34: 8 | AG34: 9 | AH34: 10 | AI34: 11 | AJ34: 12 | AL34: 1 | AM34: 2 | AN34: 3 | AO34: 4 | AP34: 5 | AQ34: 6 | AR34: 7 | AS34: 8 | AT34: 9 | AU34: 10 | AV34: 11 | AW34: 12
A36: 1 | I36: 2 | L36: 3 | T36: 4 | U36: 5 | V36: 6 | W36: 7 = (4x6) | X36: 8
B37: 5 | J37: BELANJA | W37: =W38 -> 7002000
B38: 5 | C38: 1 | J38: BELANJA OPERASI | W38: =W39 -> 7002000
B39: 5 | C39: 1 | D39: 02 | J39: BELANJA BARANG DAN JASA | W39: =W40 -> 7002000
B40: 5 | C40: 1 | D40: 02 | E40: 02 | J40: Belanja Jasa | W40: =W41 -> 7002000
B41: 5 | C41: 1 | D41: 02 | E41: 02 | F41: 01 | J41: Belanja Jasa Kantor | W41: =W42+W45 -> 7002000
B42: 5 | C42: 1 | D42: 02 | E42: 02 | F42: 01 | G42: 0009 | J42: Honorarium Penyelenggara Ujian | W42: =W43 -> 900000
J43: Operator Dapodik | O43: 1 | P43: org | Q43: x | R43: 12 | S43: bln | T43: =R43*O43 -> 12 | U43: ob | V43: 75000 | W43: =V43*T43 -> 900000 | X43: BOSDA | Y43: 75000 | Z43: 75000 | AA43: 75000 | AB43: 75000 | AC43: 75000 | AD43: 75000 | AE43: 75000 | AF43: 75000 | AG43: 75000 | AH43: 75000 | AI43: 75000 | AJ43: 75000 | AK43: =SUM(Y43:AJ43) -> 900000 | AX43: =SUM(AL43:AW43) -> 0 | AY43: =AK43-AX43 -> 900000
W45: =SUM(W46:W48) -> 6102000
J46: Sewa Tenda Plafon | O46: 3 | P46: unit | Q46: x | T46: 1 | U46: 3 | V46: 450000 | W46: =V46*U46 -> 1350000 | X46: BOSDA
J47: Sewa Kostum | O47: 20 | P47: set | Q47: x | T47: 1 | U47: =O47 -> 20 | V47: 180000 | W47: =U47*V47 -> 3600000 | X47: BOSDA
J48: Sewa Panggung & Karpet | O48: 24 | P48: m2 | U48: 24 | V48: 48000 | W48: =U48*V48 -> 1152000 | X48: BOSDA
A51: JUMLAH | W51: =W37 -> 7002000 | AK51: =SUM(AK36:AK50) -> 900000 | AX51: =SUM(AX36:AX50) -> 0 | AY51: =SUM(AY36:AY50) -> 900000
A52: Rencana Penarikan Dana per Tahap
A53: Tahap 1 | D53: Rp | V53: Yogyakarta, 24 November 2025 | AA53: `
A54: Tahap 2 | D54: Rp | V54: Kepala Sekolah
A55: Tahap 3 | D55: Rp
A57: Jumlah | D57: Rp
V58: Jumadi, S.Pd.SD
V59: NIP. 19710727 199103 1 003

Sheet 5.7.1
V3: DPK-SP 5.1.1
W4: 1
A5: KOTA YOGYAKARTA
A6: TAHUN ANGGARAN 2026
A7: Satuan Pendidikan | J7: : | K7: SD Negeri Randusari
A8: Program | J8: : | K8: 5.7 Pengembangan Standar Pembiayaan
A9: Kegiatan | J9: : | K9: 5.7.1 Pembiayaan Administrasi Kegiatan Sekolah
A10: Waktu Pelaksanaan | J10: : | K10: Januari, April, Juni
A11: Lokasi Kegiatan | J11: : | K11: SD Negeri Randusari
A12: Sumber Dana | J12: : | K12: BOSDA Rp17.485.000,00
A13: Indikator & Tolok Ukur Belanja
A14: Indikator | J14: Tolok Ukur Kinerja | V14: Target Kinerja
A15: Capaian Program | J15: :
A16: Masukan | J16: : | K16: Dana
J17: : | K17: SDM
J18: : | K18: Sarana Prasarana
J19: : | K19: Metode Kerja
A20: Keluaran | J20: : | K20: 1. Konsumsi Rapat Dinas
K21: 2. Penggandaan Laporan dan/atau Surat-menyurat
A24: Hasil | J24: :
A28: Kelompok Sasaran Kegiatan | J28: :
A29: Rincian Dokumen Pelaksanaan Kegiatan Belanja
A30: Menurut Program dan Per Kegiatan Satuan Pendidikan
A31: KODE REKENING | I31: U R A I A N | L31: RINCIAN PERHITUNGAN | W31: JUMLAH | X31: Ket | Y31: tata kala perencanaan anggaran bulanan | AK31: JUMLAH | AL31: tata kala pengeluaran anggaran bulanan | AX31: JUMLAH | AY31: SISA
L33: Rincian | T33: Volume | U33: Satuan | V33: Harga Satuan
W34: (Rp) | Y34: 1 | Z34: 2 | AA34: 3 | AB34: 4 | AC34: 5 | AD34: 6 | AE34: 7 | AF34: 8 | AG34: 9 | AH34: 10 | AI34: 11 | AJ34: 12 | AL34: 1 | AM34: 2 | AN34: 3 | AO34: 4 | AP34: 5 | AQ34: 6 | AR34: 7 | AS34: 8 | AT34: 9 | AU34: 10 | AV34: 11 | AW34: 12
A36: 1 | I36: 2 | L36: 3 | T36: 4 | U36: 5 | V36: 6 | W36: 7 = (4x6) | X36: 8
B37: 5 | J37: BELANJA | W37: =W38 -> 11490000
B38: 5 | C38: 1 | J38: BELANJA OPERASI | W38: =W39 -> 11490000
B39: 5 | C39: 1 | D39: 02 | J39: BELANJA BARANG DAN JASA | W39: =W40 -> 11490000
B40: 5 | C40: 1 | D40: 02 | E40: 01 | J40: Belanja Barang | W40: =W41 -> 11490000
B41: 5 | C41: 1 | D41: 02 | E41: 01 | F41: 01 | J41: Belanja Barang Pakai Habis | W41: =W45+W42 -> 11490000
B42: 5 | C42: 1 | D42: 02 | E42: 01 | F42: 01 | G42: 0026 | J42: Belanja Alat/Bahan untuk Kegiatan Kantor- Bahan Cetak | W42: =SUM(W43:W44) -> 5990000
J43: FC warna | R43: 50 | S43: lbr | T43: 50 | U43: lbr | V43: 1000 | W43: =V43*T43 -> 50000 | X43: BOSDA | Y43: 3210000 | AD43: 3210000 | AK43: =SUM(Y43:AJ43) -> 6420000 | AX43: =SUM(AL43:AW43) -> 0 | AY43: =AK43-AX43 -> 6420000
J44: FC Hitam Putih | R44: 19800 | S44: lbr | T44: 19800 | U44: lbr | V44: 300 | W44: =V44*T44 -> 5940000 | X44: BOSDA
B45: 5 | C45: 1 | D45: 02 | E45: 01 | F45: 01 | G45: 0052 | J45: Belanja Makanan dan Minuman Rapat | W45: =SUM(W46:W47) -> 5500000
J46: Snack (1 tahun) | R46: 500 | S46: org | T46: =R46 -> 500 | U46: os | V46: 11000 | W46: =V46*T46 -> 5500000 | X46: BOSDA | Y46: 1100000 | AK46: =SUM(Y46:AJ46) -> 1100000 | AX46: =SUM(AL46:AW46) -> 0 | AY46: =AK46-AX46 -> 1100000
Y47: 7245000 | AK47: =SUM(Y47:AJ47) -> 7245000 | AX47: =SUM(AL47:AW47) -> 0 | AY47: =AK47-AX47 -> 7245000
A49: JUMLAH | W49: =W37 -> 11490000 | AK49: =SUM(AK36:AK48) -> 14765000 | AX49: =SUM(AX36:AX48) -> 0 | AY49: =SUM(AY36:AY48) -> 14765000
A50: Rencana Penarikan Dana per Tahap
A51: Tahap 1 | D51: Rp | V51: Yogyakarta, 24 November 2025 | AA51: `
A52: Tahap 2 | D52: Rp | V52: Kepala Sekolah
A53: Tahap 3 | D53: Rp
A55: Jumlah | D55: Rp
V56: Jumadi, S.Pd.SD
V57: NIP. 19710727 199103 1 003

Sheet 5.7.2
V3: DPK-SP 5.1.1
W4: 1
A5: KOTA YOGYAKARTA
A6: TAHUN ANGGARAN 2026
A7: Satuan Pendidikan | J7: : | K7: SD Negeri Randusari
A8: Program | J8: : | K8: 5.7 Pengembangan Standar Pembiayaan
A9: Kegiatan | J9: : | K9: 5.7.2 Pembiayaan Langganan Daya dan/atau Jasa
A10: Waktu Pelaksanaan | J10: : | K10: Januari s.d Desember
A11: Lokasi Kegiatan | J11: : | K11: SD Negeri Randusari
A12: Sumber Dana | J12: : | K12: BOSN Rp12.180.000,00 BOSDA Rp900.000,00
A13: Indikator & Tolok Ukur Belanja
A14: Indikator | J14: Tolok Ukur Kinerja | V14: Target Kinerja
A15: Capaian Program | J15: :
A16: Masukan | J16: : | K16: Dana
J17: : | K17: SDM
J18: : | K18: Sarana Prasarana
J19: : | K19: Metode Kerja
A20: Keluaran | J20: : | K20: 1. Pembayaran Rek listrik
K21: 2. Pembayaran Rek telepon
K22: 3. Pembayaran langganan internet
A24: Hasil | J24: :
A28: Kelompok Sasaran Kegiatan | J28: :
A29: Rincian Dokumen Pelaksanaan Kegiatan Belanja
A30: Menurut Program dan Per Kegiatan Satuan Pendidikan
A31: KODE REKENING | I31: U R A I A N | L31: RINCIAN PERHITUNGAN | W31: JUMLAH | X31: Ket | Y31: tata kala perencanaan anggaran bulanan | AK31: JUMLAH | AL31: tata kala pengeluaran anggaran bulanan | AX31: JUMLAH | AY31: SISA
L33: Rincian | T33: Volume | U33: Satuan | V33: Harga Satuan
W34: (Rp) | Y34: 1 | Z34: 2 | AA34: 3 | AB34: 4 | AC34: 5 | AD34: 6 | AE34: 7 | AF34: 8 | AG34: 9 | AH34: 10 | AI34: 11 | AJ34: 12 | AL34: 1 | AM34: 2 | AN34: 3 | AO34: 4 | AP34: 5 | AQ34: 6 | AR34: 7 | AS34: 8 | AT34: 9 | AU34: 10 | AV34: 11 | AW34: 12
A36: 1 | I36: 2 | L36: 3 | T36: 4 | U36: 5 | V36: 6 | W36: 7 = (4x6) | X36: 8
B37: 5 | J37: BELANJA | W37: =W38 -> 13722800
B38: 5 | C38: 1 | J38: BELANJA OPERASI | W38: =W39 -> 13722800
B39: 5 | C39: 1 | D39: 02 | J39: BELANJA BARANG DAN JASA | W39: =W40 -> 13722800
B40: 5 | C40: 1 | D40: 02 | E40: 02 | J40: Belanja Jasa | W40: =W41 -> 13722800
B41: 5 | C41: 1 | D41: 02 | E41: 02 | F41: 01 | J41: Belanja Jasa Kantor | W41: =W42+W45+W48 -> 13722800
B42: 5 | C42: 1 | D42: 02 | E42: 02 | F42: 01 | G42: 0059 | J42: Belanja Tagihan Telepon | W42: =W43 -> 7222800
J43: Tagihan Telepon dan Internet | R43: 12 | S43: bln | T43: =R43 -> 12 | U43: bln | V43: 601900 | W43: =V43*T43 -> 7222800 | X43: BOSN | Y43: 605000 | Z43: 605000 | AA43: 605000 | AB43: 605000 | AC43: 605000 | AD43: 605000 | AE43: 605000 | AF43: 605000 | AG43: 605000 | AH43: 605000 | AI43: 605000 | AJ43: 605000 | AK43: =SUM(Y43:AJ43) -> 7260000 | AX43: =SUM(AL43:AW43) -> 0 | AY43: =AK43-AX43 -> 7260000
B45: 5 | C45: 1 | D45: 02 | E45: 02 | F45: 01 | G45: 0061 | J45: Belanja Alat/Bahan untuk Kegiatan Kantor- Alat Tulis Kantor | W45: =W46 -> 5160000
J46: Tagihan Listrik | R46: 12 | S46: bln | T46: =R46 -> 12 | U46: bln | V46: 430000 | W46: =V46*T46 -> 5160000 | X46: BOSN | Y46: 420000 | Z46: 420000 | AA46: 420000 | AB46: 420000 | AC46: 420000 | AD46: 420000 | AE46: 420000 | AF46: 420000 | AG46: 420000 | AH46: 420000 | AI46: 420000 | AJ46: 420000 | AK46: =SUM(Y46:AJ46) -> 5040000 | AX46: =SUM(AL46:AW46) -> 0 | AY46: =AK46-AX46 -> 5040000
B48: 5 | C48: 1 | D48: 02 | E48: 02 | F48: 01 | G48: 0067 | J48: Belanja Pembayaran Pajak, Bea, dan Perizinan | W48: =SUM(W49:W50) -> 1340000
J49: Retribusi Pengelolaan Sampah DLH Pemkot Yk | R49: 1 | S49: thn | T49: =R49 -> 1 | U49: thn | V49: 500000 | W49: =V49*T49 -> 500000 | X49: BOSDA | Y49: =W49 -> 500000 | AK49: =SUM(Y49:AJ49) -> 500000 | AX49: =SUM(AL49:AW49) -> 0 | AY49: =AK49-AX49 -> 500000
J50: Retribusi Sampah Bulanan Sekolah | R50: 12 | S50: bln | T50: =R50 -> 12 | U50: bln | V50: 70000 | W50: =V50*T50 -> 840000 | X50: BOSDA | Y50: 70000 | Z50: 70000 | AA50: 70000 | AB50: 70000 | AC50: 60000 | AD50: 60000 | AE50: 60000 | AF50: 60000 | AG50: 60000 | AH50: 60000 | AI50: 60000 | AJ50: 60000 | AK50: =SUM(Y50:AJ50) -> 760000 | AX50: =SUM(AL50:AW50) -> 0 | AY50: =AK50-AX50 -> 760000
A53: JUMLAH | W53: =W37 -> 13722800 | AK53: =SUM(AK36:AK52) -> 13560000 | AX53: =SUM(AX36:AX52) -> 0 | AY53: =SUM(AY36:AY52) -> 13560000
A54: Rencana Penarikan Dana per Tahap
A55: Tahap 1 | D55: Rp | V55: Yogyakarta, 24 November 2025 | AA55: `
A56: Tahap 2 | D56: Rp | V56: Kepala Sekolah
A57: Tahap 3 | D57: Rp
A59: Jumlah | D59: Rp
V60: Jumadi, S.Pd.SD
V61: NIP. 19710727 199103 1 003

Sheet 5.7.5
V3: DPK-SP 5.1.1
W4: 1
A5: KOTA YOGYAKARTA
A6: TAHUN ANGGARAN 2026
A7: Satuan Pendidikan | J7: : | K7: SD Negeri Randusari
A8: Program | J8: : | K8: 5.7 Pengembangan Standar Pembiayaan
A9: Kegiatan | J9: : | K9: 5.7.5 Pembiayaan untuk Pembayaran Honor
A10: Waktu Pelaksanaan | J10: : | K10: Januari s.d Desember
A11: Lokasi Kegiatan | J11: : | K11: SD Negeri Randusari
A12: Sumber Dana | J12: : | K12: BOSDA Rp13.800.000,00
A13: Indikator & Tolok Ukur Belanja
A14: Indikator | J14: Tolok Ukur Kinerja | V14: Target Kinerja
A15: Capaian Program | J15: :
A16: Masukan | J16: : | K16: Dana
J17: : | K17: SDM
J18: : | K18: Sarana Prasarana
J19: : | K19: Metode Kerja
A20: Keluaran | J20: : | K20: 1. Pembayaran Honor Tenaga Administrasi
K21: 2. Gaji dan Tunjangan ASN
A24: Hasil | J24: :
A28: Kelompok Sasaran Kegiatan | J28: :
A29: Rincian Dokumen Pelaksanaan Kegiatan Belanja
A30: Menurut Program dan Per Kegiatan Satuan Pendidikan
A31: KODE REKENING | I31: U R A I A N | L31: RINCIAN PERHITUNGAN | W31: JUMLAH | X31: Ket | Y31: tata kala perencanaan anggaran bulanan | AK31: JUMLAH | AL31: tata kala pengeluaran anggaran bulanan | AX31: JUMLAH | AY31: SISA
L33: Rincian | T33: Volume | U33: Satuan | V33: Harga Satuan
W34: (Rp) | Y34: 1 | Z34: 2 | AA34: 3 | AB34: 4 | AC34: 5 | AD34: 6 | AE34: 7 | AF34: 8 | AG34: 9 | AH34: 10 | AI34: 11 | AJ34: 12 | AL34: 1 | AM34: 2 | AN34: 3 | AO34: 4 | AP34: 5 | AQ34: 6 | AR34: 7 | AS34: 8 | AT34: 9 | AU34: 10 | AV34: 11 | AW34: 12
A36: 1 | I36: 2 | L36: 3 | T36: 4 | U36: 5 | V36: 6 | W36: 7 = (4x6) | X36: 8
B37: 5 | J37: BELANJA | W37: =W38 -> 11100000
B38: 5 | C38: 1 | J38: BELANJA OPERASI | W38: =W48+W39 -> 11100000
B39: 5 | C39: 1 | D39: 01 | J39: BELANJA PEGAWAI | W39: =W40 -> 4200000
B40: 5 | C40: 1 | D40: 01 | E40: 03 | J40: Tambahan Penghasilan berdasarkan Pertimbangan Objektif Lainnya ASN | W40: =W41 -> 4200000
B41: 5 | C41: 1 | D41: 01 | E41: 03 | F41: 07 | J41: Belanja Honorarium | W41: =W45+W42 -> 4200000
B42: 5 | C42: 1 | D42: 01 | E42: 03 | F42: 07 | G42: 0001 | J42: Pengelola Keuangan | W42: =W43 -> 2400000
J43: Pengelola Sekolah - Bendahara | O43: 1 | P43: org | Q43: x | R43: 12 | S43: bln | T43: =O43*R43 -> 12 | U43: ob | V43: 200000 | W43: =T43*V43 -> 2400000 | X43: BOSDA | Y43: 200000 | Z43: 200000 | AA43: 200000 | AB43: 200000 | AC43: 200000 | AD43: 200000 | AE43: 200000 | AF43: 200000 | AG43: 200000 | AH43: 200000 | AI43: 200000 | AJ43: 200000 | AK43: =SUM(Y43:AJ43) -> 2400000 | AX43: =SUM(AL43:AW43) -> 0 | AY43: =AK43-AX43 -> 2400000
B45: 5 | C45: 1 | D45: 01 | E45: 03 | F45: 07 | G45: 0002 | J45: Pengurus Barang | W45: =W46 -> 1800000
J46: Honor Pengurus Barang Pembantu Sekolah | O46: 1 | P46: org | Q46: x | R46: 12 | S46: bln | T46: =O46*R46 -> 12 | U46: ob | V46: 150000 | W46: =T46*V46 -> 1800000 | X46: BOSDA | Y46: 150000 | Z46: 150000 | AA46: 150000 | AB46: 150000 | AC46: 150000 | AD46: 150000 | AE46: 150000 | AF46: 150000 | AG46: 150000 | AH46: 150000 | AI46: 150000 | AJ46: 150000 | AK46: =SUM(Y46:AJ46) -> 1800000 | AX46: =SUM(AL46:AW46) -> 0 | AY46: =AK46-AX46 -> 1800000
B48: 5 | C48: 1 | D48: 02 | J48: BELANJA BARANG DAN JASA | W48: =W49 -> 6900000
B49: 5 | C49: 1 | D49: 02 | E49: 02 | J49: Belanja Jasa | W49: =W50 -> 6900000
B50: 5 | C50: 1 | D50: 02 | E50: 02 | F50: 01 | J50: Belanja Jasa Kantor | W50: =W51 -> 6900000
B51: 5 | C51: 1 | D51: 02 | E51: 02 | F51: 01 | G51: 0013 | J51: Belanja Jasa Tenaga Pendidikan | W51: =SUM(W52:W53) -> 6900000
J52: Pengelola Sekolah - Wali kelas | O52: 4 | P52: org | Q52: x | R52: 12 | S52: bln | T52: =O52*R52 -> 48 | U52: ob | V52: 100000 | W52: =T52*V52 -> 4800000 | X52: BOSDA | Y52: 400000 | Z52: 400000 | AA52: 400000 | AB52: 400000 | AC52: 400000 | AD52: 400000 | AE52: 400000 | AF52: 400000 | AG52: 400000 | AH52: 400000 | AI52: 400000 | AJ52: 400000 | AK52: =SUM(Y52:AJ52) -> 4800000 | AX52: =SUM(AL52:AW52) -> 0 | AY52: =AK52-AX52 -> 4800000
J53: Pengelola Sekolah - Pembantu Bendahara (non ASN) | O53: 1 | P53: org | Q53: x | R53: 12 | S53: bln | T53: =O53*R53 -> 12 | U53: ob | V53: 175000 | W53: =T53*V53 -> 2100000 | X53: BOSDA | Y53: 175000 | Z53: 175000 | AA53: 175000 | AB53: 175000 | AC53: 175000 | AD53: 175000 | AE53: 175000 | AF53: 175000 | AG53: 175000 | AH53: 175000 | AI53: 175000 | AJ53: 175000 | AK53: =SUM(Y53:AJ53) -> 2100000 | AX53: =SUM(AL53:AW53) -> 0 | AY53: =AK53-AX53 -> 2100000
A55: JUMLAH | W55: =W37 -> 11100000 | AK55: =SUM(AK36:AK54) -> 11100000 | AX55: =SUM(AX36:AX54) -> 0 | AY55: =SUM(AY36:AY54) -> 11100000
A56: Rencana Penarikan Dana per Tahap
A57: Tahap 1 | D57: Rp | V57: Yogyakarta, 24 November 2025 | AA57: `
A58: Tahap 2 | D58: Rp | V58: Kepala Sekolah
A59: Tahap 3 | D59: Rp
A61: Jumlah | D61: Rp
V62: Jumadi, S.Pd.SD
V63: NIP. 19710727 199103 1 003

Sheet 5.8
V3: DPK-SP 5.1.1
W4: 1
A5: KOTA YOGYAKARTA
A6: TAHUN ANGGARAN 2026
A7: Satuan Pendidikan | J7: : | K7: SD Negeri Randusari
A8: Program | J8: : | K8: 5.8 Pengembangan dan Implementasi Sistem Penilaian
A9: Kegiatan | J9: : | K9: 5.8.2 Kegiatan Pembiayaan Asesmen/Evaluasi Pembelajaran dan Ekstrakurikuler
A10: Waktu Pelaksanaan | J10: : | K10: Januari s.d Desember
A11: Lokasi Kegiatan | J11: : | K11: SD Negeri Randusari
A12: Sumber Dana | J12: : | K12: BOSDA Rp8.050.000,00
A13: Indikator & Tolok Ukur Belanja
A14: Indikator | J14: Tolok Ukur Kinerja | V14: Target Kinerja
A15: Capaian Program | J15: :
A16: Masukan | J16: : | K16: Dana
J17: : | K17: SDM
J18: : | K18: Sarana Prasarana
J19: : | K19: Metode Kerja
A20: Keluaran | J20: : | K20: 1. Penyusunan Kisi-kisi Ujian Sekolah
K21: 2. Penyusunan Soal Ujian Sekolah
K22: 3. Pelaksanaan Penilaian Ujian Sekolah
K23: 4. Simulasi dan Pelaksanaan Ujian Nasional Berbasis Komputer (UNBK)
A24: Hasil | J24: :
A28: Kelompok Sasaran Kegiatan | J28: :
A29: Rincian Dokumen Pelaksanaan Kegiatan Belanja
A30: Menurut Program dan Per Kegiatan Satuan Pendidikan
A31: KODE REKENING | I31: U R A I A N | L31: RINCIAN PERHITUNGAN | W31: JUMLAH | X31: Ket | Y31: tata kala perencanaan anggaran bulanan | AK31: JUMLAH | AL31: tata kala pengeluaran anggaran bulanan | AX31: JUMLAH | AY31: SISA
L33: Rincian | T33: Volume | U33: Satuan | V33: Harga Satuan
W34: (Rp) | Y34: 1 | Z34: 2 | AA34: 3 | AB34: 4 | AC34: 5 | AD34: 6 | AE34: 7 | AF34: 8 | AG34: 9 | AH34: 10 | AI34: 11 | AJ34: 12 | AL34: 1 | AM34: 2 | AN34: 3 | AO34: 4 | AP34: 5 | AQ34: 6 | AR34: 7 | AS34: 8 | AT34: 9 | AU34: 10 | AV34: 11 | AW34: 12
A36: 1 | I36: 2 | L36: 3 | T36: 4 | U36: 5 | V36: 6 | W36: 7 = (4x6) | X36: 8
B37: 5 | J37: BELANJA | W37: =W38 -> 2000000
B38: 5 | C38: 1 | J38: BELANJA OPERASI | W38: =W39 -> 2000000
B39: 5 | C39: 1 | D39: 02 | J39: BELANJA BARANG DAN JASA | W39: =W40 -> 2000000
B40: 5 | C40: 1 | D40: 02 | E40: 02 | J40: Belanja Jasa | W40: =W41 -> 2000000
B41: 5 | C41: 1 | D41: 02 | E41: 02 | F41: 01 | J41: Belanja Jasa Kantor | W41: =W43 -> 2000000
B43: 5 | C43: 1 | D43: 02 | E43: 02 | F43: 01 | G43: 0039 | J43: Belanja Jasa Tenaga Informasi dan Teknologi | W43: =SUM(W44:W49) -> 2000000
J44: ASPD
J45: Proktor | O45: 1 | P45: org | Q45: x | R45: 3 | S45: hr | T45: =O45*R45 -> 3 | U45: oh | V45: 200000 | W45: =T45*V45 -> 600000 | X45: BOSDA | AC45: 600000 | AK45: =SUM(Y45:AJ45) -> 600000 | AX45: =SUM(AL45:AW45) -> 0 | AY45: =AK45-AX45 -> 600000
J46: Teknisi | O46: 1 | P46: org | Q46: x | R46: 3 | S46: hr | T46: =O46*R46 -> 3 | U46: oh | V46: 200000 | W46: =T46*V46 -> 600000 | X46: BOSDA | AC46: 600000 | AK46: =SUM(Y46:AJ46) -> 600000 | AX46: =SUM(AL46:AW46) -> 0 | AY46: =AK46-AX46 -> 600000
J47: ANBK
J48: Proktor | O48: 1 | P48: org | Q48: x | R48: 2 | S48: hr | T48: =O48*R48 -> 2 | U48: oh | V48: 200000 | W48: =T48*V48 -> 400000 | X48: BOSDA | AH48: 400000 | AK48: =SUM(Y48:AJ48) -> 400000 | AX48: =SUM(AL48:AW48) -> 0 | AY48: =AK48-AX48 -> 400000
J49: Teknisi | O49: 1 | P49: org | Q49: x | R49: 2 | S49: hr | T49: =O49*R49 -> 2 | U49: oh | V49: 200000 | W49: =T49*V49 -> 400000 | X49: BOSDA | AH49: 400000 | AK49: =SUM(Y49:AJ49) -> 400000 | AX49: =SUM(AL49:AW49) -> 0 | AY49: =AK49-AX49 -> 400000
A51: JUMLAH | W51: =W37 -> 2000000 | AK51: =SUM(AK36:AK50) -> 2000000 | AX51: =SUM(AX36:AX50) -> 0 | AY51: =SUM(AY36:AY50) -> 2000000
A52: Rencana Penarikan Dana per Tahap
A53: Tahap 1 | D53: Rp | V53: Yogyakarta, 24 November 2025 | AA53: `
A54: Tahap 2 | D54: Rp | V54: Kepala Sekolah
A55: Tahap 3 | D55: Rp
A57: Jumlah | D57: Rp
V58: Jumadi, S.Pd.SD
V59: NIP. 19710727 199103 1 003

Sheet ProKeg
A1: PROGRAM DAN KEGIATAN APBS
A4: Kode | B4: Program | C4: Kegiatan | D4: Keluaran | E4: Target
A5: 5.1.1 | B5: Pengembangan Kompetensi Lulusan | C5: Pembiaayaan Kegiatan Pembelajaran dan Ekstrakurikuler | D5: Pelaksanaan Uji Coba US/USB Tk. Kecamatan | E5: …siswa
D6: Pelaksanaan Uji Coba US/USB Tk. Kabupaten/Kota | E6: …siswa
D7: Pemantapan persiapan ujian/Tryout | E7: …siswa
D8: Pengayaan TIK untuk memfasilitasi kegiatan pembelajaran | E8: …siswa
D9: Pengembangan diri : TIK sebagai wahana kreativitas dari inovasi | E9: …siswa
D10: Pengembangan diri : TIK untuk meningkatkan integritas kebangsaan | E10: …siswa
D11: Pengembangan diri : pemanfaatan perpustakaan sekolah | E11: …siswa
D12: Pengembangan diri : melaksanakan perilaku hidup bersih dan sehat/Pendidikan dan pengembangan sekolah sehat, aman, ramah anak, dan menyenangkan | E12: …siswa
D13: Penyelenggaraan : pencegahan penyalahgunaan narkotika, psikotropika, zat adiktif (narkoba), minuman keras, merokok, dan HIV AIDS | E13: …siswa
D14: Pengembangan diri : Meningkatkan kesehatan reproduksi remaja | E14: …siswa
D15: Penyelenggaraan : Melaksanakan kegiatan orientasi siswa baru yang bersifat akademik dan pengenalan lingkungan tanpa kekerasan | E15: …siswa
D16: Penyelenggaraan : Melaksanakan penghijauan dan perindangan lingkungan sekolah | E16: …siswa
D17: Penyelenggaraan : Melaksanakan kegiatan 7 K | E17: …siswa
... D26: Penyelenggaraan pembelajaran aktif kreatid efektif dan nyaman | E26: …siswa
A27: 5.2.1 | B27: Pengembangan Standar Isi | C27: Pembiayaan Pengembangan Perpustakaan | D27: Penyusunan Program Perpustakaan | E27: …program
A28: 5.2.2 | C28: Pembiaayaan Kegiatan Pembelajaran dan Ekstrakurikuler | D28: Penyusunan Pembagian Tugas Guru dan Jadwal Pelajaran | E28: …dokumen
D29: Penyusunan program Tahunan | E29: …dokumen
D30: Penyusunan program Semester | E30: …dokumen
D31: Penyusunan Silabus | E31: …dokumen
D32: Penyusunan RPP | E32: …dokumen
D33: Penyusunan Program BP/BK | E33: …dokumen
D34: Penyusunan Program Pengelolaan Laboratorium IPA | E34: …dokumen
D35: Penyusanan Program pengelolaan Laboratorium Bahasa | E35: …dokumen
D36: Penyusunan Program pengelolaan Laboratorium Komputer | E36: …dokumen
D37: penyusunan program pengelolaan Bengkel/Keterampilan | E37: …dokumen
D38: Penyusunan program Ekstrakurikuler | E38: …dokumen
D39: Penyusunan Kurikulum | E39: …dokumen
A40: 5.2.3 | C40: Pembiayaan Pengembangan Profesi Guru dan Tenaga Kependidikan | D40: Workshop validasi RPP semua mapel dalam MGMPS/MGMPK | E40: …kali
D41: Workshop peningkatan kompetensi semua guru mapel tentang analisis input peserta didik dalam penentuan KKM | E41: …kali
D42: Workshop peningkatan kompetensi semua guru mapel tentang tingkat kesulitan mata pelajaran dalam penentuan KKM | E42: …kali
A43: 5.3.1 | B43: Pengembangan Standar Proses | C43: Pembiayaan Penerimaan Peserta Didik Baru | D43: Penyusunan Program Kesiswaan | E43: …dokumen
D44: Pelaksanaan Pendaftaran Peserta Didik Baru (PPDB) | E44: …siswa
D45: Test IQ | E45: …siswa
A46: 5.3.2 | C46: Pembiayaan Pengembangan perpustakaan | D46: pengelolaan Majalah Dinding | E46: …bulan
D47: Pembayaran langganan koran dan majalah | E47: …bulan
D48: Pengadaan buku perpustakaan/bacaan | E48: …paket
D49: Pengadaan Majalah sekolah/publikasi berkala | E49: …buah
D50: Pemberdayaan perpustakaan | E50: …orang
D51: Pengadaan buku LKS | E51: …buah
A52: 5.3.3 | C52: Pembiayaan Kegiatan Pembelajaran dan Ekstrakurikuler | D52: Aero Modelling | E52: …kali
D53: Penyelenggaraan Perbaikan / Pengayaan (Remedial) | E53: …kali
D54: Pelaksanaan Studi Wisata | E54: …kali
D55: Konsultasi peningkatan mutu pendidikan (Konsultan & Psikolog) | E55: …orang
D56: Pelaksanaan Lomba Mata Pelajaran | E56: …kejuaraan
D57: Pelaksanaan Lomba OSN | E57: …kejuaraan
D58: Pelaksanaan Lomba O2SN | E58: …kejuaraan
D59: Pelaksanaan Lomba MIPA | E59: …kejuaraan
D60: Pelaksanaan Loketa | E60: …kejuaraan
D61: Penyelenggaraan PORSENI | E61: …kali
D62: Penyelenggaraan Pentas Seni | E62: …kali
D63: Penyelenggaraan Koperasi Sekolah | E63: …bulan
D64: Pertukaran Pelajar | E64: …kali
... D87: Pemberdayaan Multimedia | E87: …paket
D88: Pelaksanaan Program-Program Sekolah Lainnya
D89: Pemberdayaan Tanaman Obat Keluarga | E89: …paket
A90: 5.3.4 | C90: Kegiatan Pembiayaan Asesmen/Evaluasi Pembelajaran dan Ekstrakurikuler | D90: Pelaksanaan Evaluasi kegiatan Ekstrakurikuler | E90: …kali
A91: 5.3.5 | C91: Pembiayaan Administrasi Kegiatan Sekolah | D91: Pendataan Dapodik | E91: …kali
D92: Usaha Kesehatan Sekolah (UKS), Peralatan dan/atau obat-obatan | E92: …paket
D93: Pengadaan Sarana Penunjang Kegiatan Belajar Mengajar (Pembelian buku tulis, kapur tulis, pensil, spidol, kertas, buku induk peserta didik, buku inventaris) | E93: …paket
D94: Pengadaan Alat Pembelajaran (Seluruh mata Pelajaran termasuk OR) | E94: …paket
D95: Pengadaan Bahan/Alat laboratorium | E95: …paket
D96: Pengadaan Bahan Praktik Bahasa | E96: …paket
D97: Pengadaan Bahan Praktik Komputer | E97: …paket
D98: Pengadaan Bahan Praktik Pendidikan teknologi dasar | E98: …paket
D99: Pengadaan Bahan Praktik Internet | E99: …paket
D100: Pengadaan Bahan Praktik Keterampilan | E100: …paket
D101: Pengadaan Bahan Referensi | E101: …paket
A102: 5.3.6 | C102: Pembiayaan Pengembangan Profesi Guru dan Tenaga Kependidikan | D102: Workshop peningkatan kompetensi pengembangan bahan ajar bagi guru semua mapel | E102: …kali
D103: Workshop penyusunan dan pengembangan serta pengadaan bahan ajar semua mapel | E103: …kali
D104: Workshop peningkatan kompetensi pengelolaan kelas bagi guru | E104: …kali
D105: Magang guru dalam pengelolaan kelas di sekolah lain | E105: …kali
D106: Workshop peningkatan kompetensi guru tentang metode/strategi pembelajaran semua mapel | E106: …kali
D107: Magang guru peningkatan kompetensi guru tentang metode/strategi pembelajaran semua mapel | E107: …kali
D108: Workshop CTL bagi semua guru mapel | E108: …kali
D109: Workshop peningkatan kompetensi guru tentang pembelajaran tuntas | E109: …kali
D110: Magang atau studi banding pelaksanaan pembelajaran tuntas (remidi, pengayaan, akselerasi) | E110: …kali
D111: Workshop peningkatan kompetensi penilaian berbasis kelas bagi guru semua mapel | E111: …kali
D112: Workshop pengembangan instrumen penilaian hasil belajar bagi semua guru mapel | E112: …kali
D113: Workshop peningkatan kompetensi pengolahan hasil penilaian hasil belajar peserta didik | E113: …kali
D114: Pelaksanaan pemantauan pembelajaran semua mapel/guru sekolah | E114: …kali
... D118: Pelaksanaan evaluasi pembelajaran semua mapel/guru sekolah | E118: …kali
A119: 5.4.1 | B119: Pengembangan Pendidik dan Tenaga Kependidikan | C119: Pengembangan Perpustakaan | D119: Pembinaan tenaga perpustakaan /peningkatan kompetensi tenaga perpustakaan | E119: …kali
A120: 5.4.2 | C120: Pembiayaan Pengembangan Profesi Guru dan Tenaga Kependidikan | D120: Peningkatan Kualitas Guru Kelas, Mata Pelajaran | E120: …orang
D121: Peningkatan Kompetensi Kepala Sekolah | E121: …orang
D122: Pembinaan administrasi sekolah | E122: …orang
D123: Pembuatan Media pembelajaran | E123: …jenis
D124: Penyelenggaraan kursus ICT | E124: …orang
D125: Penyelenggaraan kursus bahasa inggris guru dan karyawan | E125: …orang
D126: Penyelenggaraan Guru Berprestasi | E126: …orang
D127: Workshop peningkatan kompetensi bidang studi sesuai dengan tugas guru untuk tiap guru mapel | E127: …kali
D128: Workshop peningkatan kompetensi perencanaan pembelajaran bagi semua guru mapel | E128: …kali
D129: Workshop peningkatan kompetensi pelaksanaan pembelajaran bagi semua guru mapel | E129: …kali
D130: Workshop peningkatan kompetensi mengevaluasi pembelajaran bagi semua guru mapel | E130: …kali
D131: Workshop peningkatan kompetensi pemanfaatan TIK dalam manajemen sekolah | E131: …kali
D132: Workshop peningkatan kompetensi pengelolaan keuangan sekolah | E132: …kali
... D140: Kegiatan KKG/MGMP atau KKKS/MKKS | E140: …kali
D141: Peningkatan Kompetensi Guru untuk Keterlibatan Orangtua/Wali dan Masyarakat dalam Pembelajaran
A142: 5.5.1 | B142: Pengembangan Sarana dan Prasarana Sekolah | C142: Pembiayaan Pengembangan Perpustakaan | D142: Pengadaan AC perpustakaan | E142: …unit
...
